Rank,Shooter ID,Name,Rating,Start of Season,Season Change,Matches,Last Match,Last Match Change,Mulligan Rank,Mulligan Rating,Mulligan Match Dropped
1,1073,Kahl Harmon,979.0,931.1,47.9,10,Foundation Stocks at Twisted Barrel Precision September 19th and 20th 2 day,4.0,2,979.0,
2,508,Austin Buschman,974.3,961.8,12.4,9,2026 Impact Foundation PRC,0.6,3,978.4,2026 B&T Ind. LLC Box Canyon Showdown....Suppressors Only!
3,1077,Francis Colon,960.1,951.4,8.7,4,2026 Vortex Vengeance,1.9,4,966.6,2026 MDT Barrel Burner at The Lead Farm
4,668,Clay Blackketter,957.6,979.1,-21.5,4,WI Barrel Maker 2.0,-25.0,1,982.6,WI Barrel Maker 2.0
5,1070,Jeff Guerry,938.2,939.3,-1.1,8,Foundation Stocks at Twisted Barrel Precision September 19th and 20th 2 day,-1.9,5,950.9,2026 Vortex Vengeance
6,612,Austin Orgain,937.6,938.9,-1.3,6,SILENT NIGHT presented by SILENCERCO,-10.2,7,947.8,SILENT NIGHT presented by SILENCERCO
7,608,Nathan Toungate,936.7,957.8,-21.1,7,2026 Impact Foundation PRC,-2.9,6,949.1,K&M Kahles Precision Rifle Competition PRS Pro Series Qualifier
8,1076,Ben Gossett,936.4,940.9,-4.5,10,W.A.R. Rifles Shootout,4.0,9,944.7,Gunline Shooting Magnolia Madness
9,514,Morgun King,936.1,963.7,-27.6,11,Foundation Stocks at Twisted Barrel Precision September 19th and 20th 2 day,12.5,8,947.0,2026 Hornady PRC
10,1080,Derrick Warren,927.9,859.2,68.7,12,Foundation Stocks at Twisted Barrel Precision September 19th and 20th 2 day,-11.9,10,934.4,2026 Clinton House Chaos Presented by Vortex
11,1069,Nick Gadarzi,921.0,911.9,9.1,3,2026 West Coast Redemption,3.9,13,921.0,
12,696,Keith Rudasill,919.9,832.3,87.5,12,2026 Federal Gold Medal Match- Pro Series Qualifier,12.4,12,925.5,MPA SPRING SHOOTOUT
13,1075,Ryan Beck,915.9,945.5,-29.6,8,W.A.R. Rifles Shootout,8.7,11,928.0,2026 Clinton House Chaos Presented by Vortex
14,1094,Josh Ulickey,901.1,867.9,33.2,8,WI Barrel Maker 2.0,5.7,15,907.8,Bullet Central Northern Lights Classic presented by: Bix’n Andy
15,486,Chris Kutalek,896.8,897.7,-0.9,6,2026 West Coast Redemption,0.4,14,915.3,2026 Hodgdon Punisher Positional
16,1096,Josh Egyed,893.3,879.8,13.5,12,Foundation Stocks at Twisted Barrel Precision September 19th and 20th 2 day,2.7,16,895.9,2026 Clay's Cartridge Co. Classic
17,2974,Lane Shelley,876.0,858.7,17.3,8,2026 Federal Gold Medal Match- Pro Series Qualifier,17.0,20,883.2,K&M Kahles Precision Rifle Competition PRS Pro Series Qualifier
18,571,John Indellicati,875.3,845.4,29.9,4,Twisted Barrel Precision Scorcher IV by Leupold,-5.2,24,880.5,Twisted Barrel Precision Scorcher IV by Leupold
19,324,Corson Piper,874.8,864.3,10.4,12,Foundation Stocks at Twisted Barrel Precision September 19th and 20th 2 day,19.3,17,890.6,2026 Impact Foundation PRC
20,735,Gage Caples,873.8,884.9,-11.1,9,2026 Federal Gold Medal Match- Pro Series Qualifier,-18.7,19,888.0,2026 OKIE SHOWDOWN PRESENTED BY FOUNDATION STOCKS
21,3232,Shayne Ward,873.6,854.2,19.4,12,Foundation Stocks at Twisted Barrel Precision September 19th and 20th 2 day,11.5,27,876.2,Gravestone Cowtown Classic
22,1353,Sam Gearing,870.6,899.9,-29.3,9,W.A.R. Rifles Shootout,9.8,25,880.4,2026 Leupold Steel Classic PRS Match
23,376,Zane Kuhn,870.2,853.3,16.9,11,2026 Federal Gold Medal Match- Pro Series Qualifier,5.6,28,875.1,2026 Clay's Cartridge Co. Classic
24,1101,David Preston,869.5,879.3,-9.8,6,W.A.R. Rifles Shootout,-21.1,26,878.9,2026 Vortex Vengeance
25,607,Matthew Caruso,868.7,892.0,-23.3,9,2026 Federal Gold Medal Match- Pro Series Qualifier,17.0,29,874.9,2026 OKIE SHOWDOWN PRESENTED BY FOUNDATION STOCKS
26,1083,Chad Heckler,868.0,806.0,61.9,8,2026 SAC SIZZLER,-2.0,30,872.0,Berger Precision Challenge
27,3151,Steve Mc,866.2,833.1,33.1,3,2026 Hornady PRC,16.3,33,866.2,MPA SPRING SHOOTOUT
28,498,Josef Sixt,864.8,873.1,-8.3,4,2026 Hodgdon Punisher Positional,-25.0,18,889.8,2026 Hodgdon Punisher Positional
29,674,Kyle Mccormack,863.3,860.6,2.7,2,2026 Impact Foundation PRC,-6.7,32,870.0,2026 Impact Foundation PRC
30,1085,Lee Pettross,862.8,823.4,39.3,6,2026 Federal Gold Medal Match- Pro Series Qualifier,27.7,23,881.1,Twisted Barrel Precision Scorcher IV by Leupold
31,1470,KORY Frederick,861.1,766.8,94.4,8,Foundation Stocks at Twisted Barrel Precision September 19th and 20th 2 day,10.7,34,863.8,2026 Federal Gold Medal Match- Pro Series Qualifier
32,520,Dale Rhoads,861.1,821.8,39.3,13,2026 Impact Foundation PRC,-8.6,35,862.7,Berger Precision Challenge
33,8060,Tyler Reynolds,858.9,784.1,74.8,3,2026 Peterson Cartridge Challenge,18.9,39,858.9,
34,731,Brady Allinson,857.8,898.7,-40.9,3,2026 Hornady PRC,-25.0,21,882.8,2026 Hornady PRC
35,1607,zach yeager,857.5,840.1,17.5,7,W.A.R. Rifles Shootout,15.5,31,871.6,Sheepdog Showdown
36,1141,anthony collie,856.9,844.3,12.5,3,Foundation Stocks at Twisted Barrel Precision September 19th and 20th 2 day,-25.0,22,881.9,Foundation Stocks at Twisted Barrel Precision September 19th and 20th 2 day
37,1082,Levi Wilson,853.2,875.2,-22.0,9,Foundation Stocks at Twisted Barrel Precision September 19th and 20th 2 day,31.9,36,862.7,K&M Kahles Precision Rifle Competition PRS Pro Series Qualifier
38,474,Patrick Youngs,850.4,833.7,16.7,11,W.A.R. Rifles Shootout,12.3,38,861.5,Sheepdog Showdown
39,782,Spencer Munn,849.9,841.8,8.1,2,Short Action Customs Steel Challenge,-6.8,40,856.7,Short Action Customs Steel Challenge
40,2970,Chett Winkler,848.8,813.3,35.4,6,Foundation Stocks at Twisted Barrel Precision September 19th and 20th 2 day,7.4,42,852.1,2026 MDT FROSTBITE
41,347,Justin Domaguin,848.0,855.9,-7.9,4,2026 West Coast Redemption,-2.3,37,862.5,2026 SAC SIZZLER
42,321,David Hoff,842.5,804.3,38.2,5,Parma Precision Rifle Rumble VIII presented by Burris Optics,-10.2,41,852.7,Parma Precision Rifle Rumble VIII presented by Burris Optics
43,4677,Nikolas Omland,841.6,833.8,7.7,1,Foundation Stocks at Twisted Barrel Precision September 19th and 20th 2 day,7.7,46,841.6,
44,3510,Jerry Zwolen,838.5,610.0,228.5,10,Foundation Stocks at Twisted Barrel Precision September 19th and 20th 2 day,43.9,43,848.2,2026 SAC SIZZLER
45,1648,Chase Warren,834.8,725.3,109.5,11,2026 West Coast Redemption,19.1,49,835.5,Berger Precision Challenge
46,1071,Keith Baker,827.3,847.9,-20.6,11,WI Barrel Maker 2.0,-25.0,50,834.9,2026 Southern Iowa Showdown presented by ZEISS
47,784,Ricks Munn,825.8,820.3,5.4,1,Short Action Customs Steel Challenge,5.4,59,825.8,
48,1103,BRADEN MANN,825.3,840.6,-15.3,5,2026 Peterson Cartridge Challenge,38.4,45,841.6,Twisted Barrel Precision Scorcher IV by Leupold
49,2957,chris valdes,825.2,774.5,50.7,11,Foundation Stocks at Twisted Barrel Precision September 19th and 20th 2 day,-25.0,51,834.1,2026 Hornady PRC
50,1081,Andrew Makos,825.0,837.3,-12.3,4,W.A.R. Rifles Shootout,17.6,48,836.0,2026 Vortex Vengeance
51,1112,Hunter Zwiers,824.5,827.4,-2.9,3,WI Barrel Maker 2.0,25.9,44,843.8,2026 Vortex Vengeance
52,1088,Nowell Greasley,824.3,793.9,30.3,8,Foundation Stocks at Twisted Barrel Precision September 19th and 20th 2 day,4.4,56,828.5,2026 Snake River Standoff by Lone Peak
53,4066,Brian Neace,822.3,756.1,66.1,3,Desert Chaos,17.8,62,823.6,Berger Precision Challenge
54,1108,jon walker,822.0,769.6,52.4,5,W.A.R. Rifles Shootout,7.9,64,822.0,
55,38102,Mike Anderson,821.1,809.5,11.6,3,2026 Hornady PRC,12.2,57,827.6,2026 Snake River Standoff by Lone Peak
56,1118,trent peterson,820.9,808.9,12.0,5,WI Barrel Maker 2.0,16.5,55,829.7,2026 Southern Iowa Showdown presented by ZEISS
57,4181,Jon Pynch,820.1,814.9,5.3,1,2026 MDT Midsummer Madness PRS 2-day Pro Series Qualifier,5.3,66,820.1,
58,1416,Caleb Pulliam,819.9,844.9,-25.0,1,Gravestone Cowtown Classic,-25.0,67,819.9,
59,1647,Rusty Ulmer,819.6,814.5,5.1,6,2026 MDT Midsummer Madness PRS 2-day Pro Series Qualifier,-13.1,52,832.7,2026 MDT Midsummer Madness PRS 2-day Pro Series Qualifier
60,1110,Shaun Haymore,818.7,838.0,-19.3,9,2026 West Coast Redemption,13.8,58,826.8,Gravestone Cowtown Classic
61,1240,Luke Mckennie,817.5,842.5,-25.0,1,Foundation Stocks at Twisted Barrel Precision September 19th and 20th 2 day,-25.0,71,817.5,
62,654,Ted Clark,817.3,850.1,-32.8,7,WI Barrel Maker 2.0,-0.8,60,824.2,Gravestone Cowtown Classic
63,1349,Chance Norris,816.5,777.5,39.0,3,W.A.R. Rifles Shootout,-14.0,54,830.5,W.A.R. Rifles Shootout
64,7097,Travis Cohan,816.4,654.6,161.9,9,2026 Hornady PRC,45.9,63,823.1,2026 OKIE SHOWDOWN PRESENTED BY FOUNDATION STOCKS
65,1084,Cole Higginbotham,814.5,835.2,-20.7,5,2026 Federal Gold Medal Match- Pro Series Qualifier,19.0,53,831.0,Twisted Barrel Precision Scorcher IV by Leupold
66,382,Jacob Reister,813.8,773.7,40.0,9,2026 West Coast Redemption,23.9,73,817.0,2026 Snake River Standoff by Lone Peak
67,609,Kate Estes,813.6,808.3,5.3,3,2026 Leupold Best In Texas,-25.0,47,838.6,2026 Leupold Best In Texas
68,3567,Ben Graham,811.4,777.4,34.0,4,2026 Federal Gold Medal Match- Pro Series Qualifier,17.7,68,819.0,WI Barrel Maker 2.0
69,614,Chad Estes,811.1,783.7,27.4,7,2026 Impact Foundation PRC,50.0,77,814.5,Gravestone Cowtown Classic
70,2672,Rylan Creedon,808.7,739.6,69.1,8,SILENT NIGHT presented by SILENCERCO,-3.2,81,811.9,SILENT NIGHT presented by SILENCERCO
71,1300,Thomas Crosson,807.7,852.9,-45.2,6,Twisted Barrel Precision Scorcher IV by Leupold,41.9,72,817.3,2026 Leupold Steel Classic PRS Match
72,3238,Dustin Grellner,807.6,686.8,120.7,8,Foundation Stocks at Twisted Barrel Precision September 19th and 20th 2 day,50.0,80,812.7,2026 B&T Ind. LLC Box Canyon Showdown....Suppressors Only!
73,1524,B Wilson,806.6,825.2,-18.6,8,W.A.R. Rifles Shootout,21.6,69,818.8,2026 Vortex Vengeance
74,328,Brian Li,805.1,746.3,58.8,6,2026 West Coast Redemption,21.8,82,811.0,Gravestone Cowtown Classic
75,225,Brian Lopina,803.5,781.6,22.0,5,2026 West Coast Redemption,-13.1,74,816.7,2026 Hodgdon Punisher Positional
76,1079,Ken Sanoski,803.3,863.2,-59.9,6,W.A.R. Rifles Shootout,-15.2,75,815.7,2026 Clinton House Chaos Presented by Vortex
77,445,Hunter Neal,801.6,871.0,-69.4,12,Foundation Stocks at Twisted Barrel Precision September 19th and 20th 2 day,-25.0,91,803.7,Gravestone Cowtown Classic
78,1099,Mark Le,800.6,735.4,65.2,6,W.A.R. Rifles Shootout,1.8,76,814.8,Pigg River Precision H.A.M Presented by Leupold Optics
79,3243,Chris Opfer,800.5,828.1,-27.6,5,WI Barrel Maker 2.0,-6.1,79,813.3,2026 Clay's Cartridge Co. Classic
80,1155,Joe Thielen,799.9,757.0,42.9,5,2026 Impact Foundation PRC,-18.8,70,818.7,THS Steel Challenge presented by TS Customs
81,9062,Mark Vogel,799.8,795.1,4.7,2,2026 Vortex Vengeance,-14.7,78,814.5,2026 Vortex Vengeance
82,2985,Chris Simmons,799.8,824.8,-25.0,1,Pigg River Precision H.A.M Presented by Leupold Optics,-25.0,93,799.8,
83,707,Trygve Sowa,798.9,794.0,4.9,3,2026 MDT Midsummer Madness PRS 2-day Pro Series Qualifier,-25.0,61,823.9,2026 MDT Midsummer Madness PRS 2-day Pro Series Qualifier
84,1176,Peter Laurvick,798.1,760.3,37.9,3,Pigg River Precision H.A.M Presented by Leupold Optics,30.8,90,803.9,MPA SPRING SHOOTOUT
85,1249,Wesley Hicks,797.3,774.0,23.3,3,2026 Federal Gold Medal Match- Pro Series Qualifier,10.2,96,797.9,A-Team PRC
86,4321,Dylan Bailey,796.9,837.3,-40.4,10,2026 Impact Foundation PRC,-25.0,87,807.2,Gunline Shooting Magnolia Madness
87,2984,Kyle McGrogan,796.7,817.8,-21.0,6,2026 Peterson Cartridge Challenge,-25.0,65,821.7,2026 Peterson Cartridge Challenge
88,1918,Tucker Schmidt,796.3,661.8,134.6,11,W.A.R. Rifles Shootout,6.2,92,803.3,Gunline Shooting Magnolia Madness
89,790,Garrett Stephens,796.2,693.4,102.8,8,WI Barrel Maker 2.0,3.4,83,809.8,2026 Hornady PRC
90,8125,Zach Prokop,794.3,475.6,318.8,8,2026 Impact Foundation PRC,49.2,103,794.3,
91,383,Logan McGinnis,793.1,766.4,26.8,13,Foundation Stocks at Twisted Barrel Precision September 19th and 20th 2 day,29.6,101,794.7,2026 Leupold Best In Texas
92,1589,Matt Sprouse,793.0,745.5,47.5,2,2026 Federal Gold Medal Match- Pro Series Qualifier,-0.1,104,793.1,2026 Federal Gold Medal Match- Pro Series Qualifier
93,10101,Fred Mudd,792.7,718.3,74.5,5,2026 Federal Gold Medal Match- Pro Series Qualifier,-3.1,102,794.4,A-Team PRC
94,7095,Lamar Hemric,792.0,652.7,139.3,4,2026 Federal Gold Medal Match- Pro Series Qualifier,50.0,106,792.0,
95,6929,Brian Sheffield,791.5,617.0,174.6,4,2026 Federal Gold Medal Match- Pro Series Qualifier,42.1,107,791.5,
96,522,Corey Voges,791.5,694.5,97.0,8,2026 Impact Foundation PRC,20.8,105,792.4,2026 Leupold Steel Classic PRS Match
97,4739,Ryan Adams,791.3,772.4,18.9,5,2026 Impact Foundation PRC,50.0,94,799.6,2026 Clay's Cartridge Co. Classic
98,1252,Nick Barnard,790.6,764.7,25.8,10,2026 Impact Foundation PRC,12.3,99,796.1,2026 Thunder Beast Arms Co King of Coal Canyon
99,11192,Greg Harris,789.0,723.4,65.6,5,W.A.R. Rifles Shootout,-7.6,85,807.9,Twisted Barrel Precision Scorcher IV by Leupold
100,119920,Brandon Hembree,788.0,836.5,-48.5,9,Foundation Stocks at Twisted Barrel Precision September 19th and 20th 2 day,-25.0,100,795.4,2026 B&T Ind. LLC Box Canyon Showdown....Suppressors Only!
101,2392,Ryan Banigan,784.1,768.7,15.4,5,2026 Thunder Beast Arms Co King of Coal Canyon,-25.0,84,809.1,2026 Thunder Beast Arms Co King of Coal Canyon
102,7034,Tony rocco,782.5,707.2,75.4,6,W.A.R. Rifles Shootout,-25.0,86,807.5,W.A.R. Rifles Shootout
103,1137,John Galati,782.0,762.8,19.2,3,2026 Peterson Cartridge Challenge,-25.0,88,807.0,2026 Peterson Cartridge Challenge
104,7023,Philip guglielmo,781.9,803.9,-21.9,6,W.A.R. Rifles Shootout,20.5,112,786.9,2026 MDT FROSTBITE
105,2164,Jake Graves,779.0,741.4,37.6,7,2026 Impact Foundation PRC,-25.0,89,804.0,Twisted Barrel Precision Scorcher IV by Leupold
106,553,dan phifer,778.3,716.1,62.2,6,2026 Impact Foundation PRC,50.0,110,788.2,Twisted Barrel Precision Scorcher IV by Leupold
107,1373,Jacob Simmons,778.3,475.6,302.7,8,Foundation Stocks at Twisted Barrel Precision September 19th and 20th 2 day,20.2,111,787.7,2026 Hodgdon Punisher Positional
108,581,Reagan Stahmer,777.5,844.5,-67.0,11,2026 Impact Foundation PRC,-25.0,120,780.9,Gravestone Cowtown Classic
109,722,Allen Ernst,775.0,694.0,81.0,9,Foundation Stocks at Twisted Barrel Precision September 19th and 20th 2 day,40.3,117,782.2,K&M Kahles Precision Rifle Competition PRS Pro Series Qualifier
110,390,Sam Trevino,775.0,762.0,13.0,8,Foundation Stocks at Twisted Barrel Precision September 19th and 20th 2 day,-23.7,109,788.5,2026 Leupold Best In Texas
111,2924,Jon Pedzinski,774.9,662.8,112.1,4,2026 Peterson Cartridge Challenge,37.1,108,788.9,2026 MDT FROSTBITE
112,1780,Zack L,773.9,767.2,6.7,5,W.A.R. Rifles Shootout,-25.0,95,798.9,W.A.R. Rifles Shootout
113,9690,Derek Love,773.7,746.7,27.0,3,2026 B&T Ind. LLC Box Canyon Showdown....Suppressors Only!,36.3,116,783.5,Gravestone Cowtown Classic
114,11445,Ryan Walk,773.1,475.6,297.5,10,Foundation Stocks at Twisted Barrel Precision September 19th and 20th 2 day,50.0,97,797.5,2026 Impact Foundation PRC
115,619,Ashley Pauna,772.7,797.7,-25.0,1,Foundation Stocks at Twisted Barrel Precision September 19th and 20th 2 day,-25.0,123,772.7,
116,1113,Ted Hoeger,772.6,772.3,0.3,4,WI Barrel Maker 2.0,-9.8,115,784.1,2026 SAC SIZZLER
117,10248,Seth Stevens,772.1,755.2,16.9,4,2026 Impact Foundation PRC,-25.0,98,797.1,2026 Impact Foundation PRC
118,584,David Christman,771.6,784.9,-13.3,12,W.A.R. Rifles Shootout,-9.2,125,772.1,Gravestone Cowtown Classic
119,1111,Mike Burdis,769.8,715.7,54.1,2,2026 Hodgdon Punisher Positional,37.1,127,769.8,
120,1357,Wes Ripley,768.9,756.0,13.0,2,2026 Leupold Best In Texas,38.0,114,785.2,2026 Leupold Steel Classic PRS Match
121,1119,Kenneth Shirey,768.5,789.7,-21.2,5,W.A.R. Rifles Shootout,12.0,113,786.3,2026 Peterson Cartridge Challenge
122,7087,Eric Kuchan,768.2,867.4,-99.2,8,2026 Peterson Cartridge Challenge,50.0,121,779.3,Gravestone Cowtown Classic
123,2620,Mitchell Wong,767.3,696.5,70.8,3,2026 West Coast Redemption,26.1,132,767.3,
124,1327,Eric Higgins,766.5,709.4,57.1,7,W.A.R. Rifles Shootout,24.7,124,772.2,Gravestone Cowtown Classic
125,880,David Ostrowske,766.1,847.6,-81.5,11,W.A.R. Rifles Shootout,-25.0,128,769.1,Gunline Shooting Magnolia Madness
126,1029,Gregory Bell,765.8,790.8,-25.0,1,Gravestone Cowtown Classic,-25.0,135,765.8,
127,511,Josh Longanacre,763.9,784.8,-20.9,8,Foundation Stocks at Twisted Barrel Precision September 19th and 20th 2 day,-25.0,126,771.2,Gravestone Cowtown Classic
128,653,Trace Thacker,763.4,752.6,10.8,3,2026 Alpha-Munitions Nut Crusher,4.1,137,763.4,
129,5501,Jad Sutton,763.1,726.3,36.9,2,2026 Hodgdon Punisher Positional,47.1,130,768.5,2026 B&T Ind. LLC Box Canyon Showdown....Suppressors Only!
130,8164,Thomas Armistead,761.1,703.7,57.4,5,Pigg River Precision H.A.M Presented by Leupold Optics,-20.2,119,781.3,Pigg River Precision H.A.M Presented by Leupold Optics
131,2105,Alex Guerrero,761.1,792.3,-31.2,3,Short Action Customs Steel Challenge,-8.3,118,781.9,2026 Leupold Steel Classic PRS Match
132,1185,Paul Dallin,760.8,778.6,-17.7,1,2026 Koenig-Ruger PRC,-17.7,142,760.8,
133,3727,Zac Mecham,759.5,705.2,54.3,3,2026 Hornady PRC,18.1,146,759.5,
134,354,Coulter Mariott,759.4,666.1,93.3,10,2026 Federal Gold Medal Match- Pro Series Qualifier,37.0,145,760.2,Gravestone Cowtown Classic
135,1130,Chase Beckley,759.4,729.6,29.8,8,2026 West Coast Redemption,-0.8,134,766.4,2026 Snake River Standoff by Lone Peak
136,1142,JP Noel,759.0,718.7,40.3,5,2026 Peterson Cartridge Challenge,3.0,140,762.1,2026 MDT FROSTBITE
137,4608,Joseph Stanley,758.3,625,133.3,5,K&M Kahles Precision Rifle Competition PRS Pro Series Qualifier,3.7,148,758.3,
138,8121,Clint Beacham,756.9,788.0,-31.0,7,2026 Federal Gold Medal Match- Pro Series Qualifier,19.9,144,760.6,Gunline Shooting Magnolia Madness
139,394,Cole Mitchell,756.6,727.7,28.9,1,Desert Chaos,28.9,149,756.6,
140,2568,Isaak Wise,756.4,646.9,109.5,4,2026 West Coast Redemption,19.9,150,756.4,
141,1793,Tanner Bragg,756.1,713.9,42.3,5,Foundation Stocks at Twisted Barrel Precision September 19th and 20th 2 day,42.0,139,762.4,2026 Leupold Best In Texas
142,2960,David hall,756.0,781.0,-25.0,1,2026 Vortex Vengeance,-25.0,151,756.0,
143,1095,Matt Sobotka,754.9,752.3,2.6,5,WI Barrel Maker 2.0,-13.9,129,768.9,WI Barrel Maker 2.0
144,1366,Matthew Huizenga,754.5,600,154.5,6,W.A.R. Rifles Shootout,-4.9,147,759.4,W.A.R. Rifles Shootout
145,4955,Blake Russell,754.4,649.1,105.4,7,Foundation Stocks at Twisted Barrel Precision September 19th and 20th 2 day,12.3,136,764.1,2026 Federal Gold Medal Match- Pro Series Qualifier
146,326,Mike Truong,754.3,709.8,44.5,8,2026 West Coast Redemption,-10.2,143,760.6,2026 Koenig-Ruger PRC
147,1097,Tate Streater,754.1,779.1,-25.0,1,SILENT NIGHT presented by SILENCERCO,-25.0,152,754.1,
148,4982,Tony Andis,753.9,695.5,58.4,4,2026 SAC SIZZLER,-25.0,122,778.9,2026 SAC SIZZLER
149,358,Jose Momongan,753.0,728.6,24.4,1,Berger Precision Challenge,24.4,153,753.0,
150,1060,Rowdy Torevell,752.5,795.0,-42.5,6,THS Steel Challenge presented by TS Customs,-25.0,133,767.3,2026 Clay's Cartridge Co. Classic
151,526,Drew Dixon,752.4,616.9,135.5,8,Foundation Stocks at Twisted Barrel Precision September 19th and 20th 2 day,50.0,154,752.5,A-Team PRC
152,1104,Riley Jacques,752.0,736.5,15.5,3,Parma Precision Rifle Rumble VIII presented by Burris Optics,1.8,155,752.0,
153,8171,Thomas murray,750.5,786.0,-35.5,3,W.A.R. Rifles Shootout,14.5,131,767.8,2026 Vortex Vengeance
154,1121,Kevin Rich,748.4,773.4,-25.0,1,K&M Kahles Precision Rifle Competition PRS Pro Series Qualifier,-25.0,158,748.4,
155,1316,Cody hullinger,747.3,682.1,65.1,6,2026 Peterson Cartridge Challenge,31.3,156,751.7,2026 Hornady PRC
156,2560,Mason Bafus,746.2,606.1,140.1,8,2026 West Coast Redemption,34.1,141,761.0,2026 Impact Foundation PRC
157,366,Nick Gutierrez IV,744.9,679.0,65.8,5,2026 Impact Foundation PRC,41.0,157,751.5,2026 Hornady PRC
158,3764,David Benner,744.7,575.9,168.8,13,2026 Federal Gold Medal Match- Pro Series Qualifier,44.1,164,746.3,Berger Precision Challenge
159,754,Brandon Caldwell,743.8,704.7,39.1,3,2026 Alpha-Munitions Nut Crusher,2.4,167,743.8,
160,8178,Tyler Johnson,743.6,710.6,33.0,1,W.A.R. Rifles Shootout,33.0,169,743.6,
161,325,Adam Cravillion,742.6,695.3,47.4,3,2026 West Coast Redemption,22.7,171,742.6,
162,224,Jacob Denny,741.7,752.6,-10.9,3,2026 Hornady PRC,-7.2,159,748.0,Desert Chaos
163,2942,Randell Hand,741.2,761.5,-20.3,7,2026 Federal Gold Medal Match- Pro Series Qualifier,-0.1,160,747.6,Gunline Shooting Magnolia Madness
164,1444,Don Lepard,740.5,675.8,64.6,9,2026 Impact Foundation PRC,22.1,173,741.0,Gravestone Cowtown Classic
165,1161,Grace Vaughn,738.5,779.1,-40.6,13,Foundation Stocks at Twisted Barrel Precision September 19th and 20th 2 day,23.4,178,738.6,Gravestone Cowtown Classic
166,1183,Kent Thostenson,737.8,766.1,-28.3,3,Bullet Central Northern Lights Classic presented by: Bix’n Andy,-25.0,138,762.8,Bullet Central Northern Lights Classic presented by: Bix’n Andy
167,35882,Clint White,737.3,600,137.3,3,WI Barrel Maker 2.0,37.3,181,737.3,
168,8166,etienne vachon,737.2,681.1,56.1,2,Sheepdog Showdown,13.0,182,737.2,
169,351,Solomon Manansala,736.9,755.0,-18.1,1,2026 SAC SIZZLER,-18.1,183,736.9,
170,1907,Joshua Showalter,736.4,695.5,40.8,7,2026 Federal Gold Medal Match- Pro Series Qualifier,-25.0,172,742.4,Gravestone Cowtown Classic
171,3234,Lauryl Akenhead,735.8,747.3,-11.6,8,WI Barrel Maker 2.0,9.8,179,738.0,Gravestone Cowtown Classic
172,2929,Andy Youngs,734.2,713.9,20.2,4,2026 Federal Gold Medal Match- Pro Series Qualifier,50.0,175,739.4,2026 MDT FROSTBITE
173,2176,JJ Hall,734.0,628.2,105.8,5,2026 Manners Mayhem,21.0,162,746.8,2026 Hodgdon Punisher Positional
174,5039,Justin Ham,732.0,771.2,-39.2,4,Foundation Stocks at Twisted Barrel Precision September 19th and 20th 2 day,-4.9,174,739.8,Gravestone Cowtown Classic
175,3853,Cole Cox,731.5,551.8,179.7,8,2026 Federal Gold Medal Match- Pro Series Qualifier,37.6,187,734.0,Gunline Shooting Magnolia Madness
176,1259,Thomas Cheney,730.9,671.0,60.0,8,Foundation Stocks at Twisted Barrel Precision September 19th and 20th 2 day,14.9,185,736.1,K&M Kahles Precision Rifle Competition PRS Pro Series Qualifier
177,6249,Jaden Miller,730.4,723.5,6.9,1,2026 Alpha-Munitions Nut Crusher,6.9,195,730.4,
178,506,Moritz Mayr,730.1,767.5,-37.4,8,Foundation Stocks at Twisted Barrel Precision September 19th and 20th 2 day,-25.0,180,737.7,2026 B&T Ind. LLC Box Canyon Showdown....Suppressors Only!
179,7274,Ryan mccullough,729.7,683.5,46.2,1,Pigg River Precision H.A.M Presented by Leupold Optics,46.2,196,729.7,
180,1184,Bryan Lewis,729.1,701.0,28.1,2,Pigg River Precision H.A.M Presented by Leupold Optics,-6.5,186,735.6,Pigg River Precision H.A.M Presented by Leupold Optics
181,753,Brad Wright,728.9,622.2,106.7,5,2026 Impact Foundation PRC,50.0,166,744.7,Gravestone Cowtown Classic
182,1288,Matthew Dehn,728.8,697.0,31.9,4,THS Steel Challenge presented by TS Customs,31.1,163,746.6,Bullet Central Northern Lights Classic presented by: Bix’n Andy
183,26139,Daniel Hereid,725.8,721.1,4.7,3,SILENT NIGHT presented by SILENCERCO,2.2,176,739.3,Gravestone Cowtown Classic
184,284,Dan Bertocchini,725.6,475.6,250.0,5,2026 West Coast Redemption,50.0,205,725.6,
185,1936,Kyle Ferguson,725.5,664.4,61.1,8,Foundation Stocks at Twisted Barrel Precision September 19th and 20th 2 day,-25.0,201,727.5,2026 Leupold Best In Texas
186,1277,John Nebzydoski,725.3,525.3,200.0,7,W.A.R. Rifles Shootout,50.0,161,747.0,Pigg River Precision H.A.M Presented by Leupold Optics
187,11984,Paul T Martin,725.2,699.3,25.9,7,Foundation Stocks at Twisted Barrel Precision September 19th and 20th 2 day,-25.0,165,745.0,2026 Hodgdon Punisher Positional
188,9684,David Wiese,724.9,692.2,32.7,1,2026 Leupold Steel Classic PRS Match,32.7,206,724.9,
189,413,Terry Conaway,724.4,677.0,47.3,9,2026 West Coast Redemption,50.0,202,726.9,Berger Precision Challenge
190,2932,Tracey Smith,723.8,736.3,-12.5,1,K&M Kahles Precision Rifle Competition PRS Pro Series Qualifier,-12.5,211,723.8,
191,1217,Randy Derscheid,723.8,670.8,53.0,5,2026 Hodgdon Punisher Positional,22.7,188,733.3,2026 Koenig-Ruger PRC
192,1139,Trent Winegar,723.8,739.2,-15.5,2,Parma Precision Rifle Rumble VIII presented by Burris Optics,-6.2,193,731.2,2026 Snake River Standoff by Lone Peak
193,7089,Fraser MacKenzie,723.7,805.7,-82.0,9,Foundation Stocks at Twisted Barrel Precision September 19th and 20th 2 day,15.7,198,729.4,2026 Southern Iowa Showdown presented by ZEISS
194,1059,Tommy Goodson,721.6,660.5,61.2,5,2026 Federal Gold Medal Match- Pro Series Qualifier,2.7,204,726.5,Gunline Shooting Magnolia Madness
195,2030,Matt Woody,720.9,671.4,49.5,9,Foundation Stocks at Twisted Barrel Precision September 19th and 20th 2 day,50.0,200,728.9,2026 Clay's Cartridge Co. Classic
196,1182,Ryan Jessop,720.8,733.9,-13.1,3,2026 Hornady PRC,-23.0,168,743.8,2026 Hornady PRC
197,1191,Miles Neville,719.7,709.1,10.7,3,THS Steel Challenge presented by TS Customs,6.4,197,729.4,2026 Thunder Beast Arms Co King of Coal Canyon
198,3516,keithen drury,719.4,750.3,-31.0,5,2026 Manners Mayhem,4.5,210,724.1,2026 Clay's Cartridge Co. Classic
199,1917,John Alden,718.7,750.6,-31.9,3,Pigg River Precision H.A.M Presented by Leupold Optics,17.1,189,732.3,2026 Clinton House Chaos Presented by Vortex
200,1304,Bradley Grisanti,718.4,705.2,13.2,7,Foundation Stocks at Twisted Barrel Precision September 19th and 20th 2 day,-25.0,190,731.7,A-Team PRC
201,1177,Chad Loe,718.4,683.0,35.4,1,2026 Snake River Standoff by Lone Peak,35.4,220,718.4,
202,7853,Jacob St.Amant,717.8,667.8,50.0,1,Gunline Shooting Magnolia Madness,50.0,221,717.8,
203,1911,Andrew Walter,717.8,730.8,-13.0,10,WI Barrel Maker 2.0,-25.0,170,742.8,WI Barrel Maker 2.0
204,575,Shane Hauger,717.4,660.7,56.7,6,2026 Impact Foundation PRC,50.0,207,724.7,Bullet Central Northern Lights Classic presented by: Bix’n Andy
205,843,Jeff Scobie,717.2,655.0,62.2,11,Foundation Stocks at Twisted Barrel Precision September 19th and 20th 2 day,10.5,216,719.9,2026 MDT Barrel Burner at The Lead Farm
206,1402,Tayler Hawkins,717.1,668.9,48.2,9,Foundation Stocks at Twisted Barrel Precision September 19th and 20th 2 day,21.4,215,720.1,2026 Clay's Cartridge Co. Classic
207,4943,Cody Rockwood,716.4,593.8,122.6,10,Foundation Stocks at Twisted Barrel Precision September 19th and 20th 2 day,-25.0,222,717.7,Gravestone Cowtown Classic
208,12175,Christian Fink,715.4,475.6,239.8,6,W.A.R. Rifles Shootout,20.4,227,715.4,
209,1157,Robert Brantley,714.7,819.6,-104.9,5,2026 Federal Gold Medal Match- Pro Series Qualifier,-25.0,184,736.4,K&M Kahles Precision Rifle Competition PRS Pro Series Qualifier
210,644,Darrick Davidson,714.4,697.5,16.9,4,WI Barrel Maker 2.0,32.3,212,723.7,2026 Clay's Cartridge Co. Classic
211,4976,Tyler Pittman,713.7,708.8,4.9,4,2026 Federal Gold Medal Match- Pro Series Qualifier,-25.0,177,738.7,2026 Federal Gold Medal Match- Pro Series Qualifier
212,8031,Mark Castro,712.9,574.6,138.3,5,2026 West Coast Redemption,22.0,219,718.4,K&M Kahles Precision Rifle Competition PRS Pro Series Qualifier
213,1174,joseph redner,712.4,706.5,5.9,2,2026 Vortex Vengeance,30.9,213,723.4,2026 Leupold Steel Classic PRS Match
214,1144,Daniel Juergens,712.3,719.6,-7.3,2,Short Action Customs Steel Challenge,-12.2,208,724.5,Short Action Customs Steel Challenge
215,590,Jake Schur,711.8,746.8,-34.9,10,Foundation Stocks at Twisted Barrel Precision September 19th and 20th 2 day,-25.0,230,712.3,Gravestone Cowtown Classic
216,355,Jason Aulwes,711.8,670.8,40.9,11,2026 West Coast Redemption,-20.3,226,715.8,Desert Chaos
217,1516,Samuel Faries,710.8,650,60.8,6,2026 Impact Foundation PRC,50.0,228,714.3,2026 Leupold Best In Texas
218,2337,Joshua Critelli,710.7,617.1,93.6,5,2026 Federal Gold Medal Match- Pro Series Qualifier,26.9,225,716.1,Pigg River Precision H.A.M Presented by Leupold Optics
219,1281,Adam Stultz,710.5,577.4,133.1,3,Pigg River Precision H.A.M Presented by Leupold Optics,50.0,234,710.5,
220,1116,Aaron Kincaid,710.4,753.0,-42.7,7,W.A.R. Rifles Shootout,-7.4,223,717.5,A-Team PRC
221,9694,Aidin Tucker,708.2,508.9,199.3,4,Foundation Stocks at Twisted Barrel Precision September 19th and 20th 2 day,50.0,239,708.2,
222,1320,Brian Crucius,707.5,640.4,67.1,2,2026 MDT FROSTBITE,42.1,243,707.5,
223,8159,Yanick Sab Leblanc,706.4,756.4,-50.0,2,Sheepdog Showdown,-25.0,191,731.4,2026 Vortex Vengeance
224,14762,Aaron Hipp,706.3,669.5,36.7,4,2026 Peterson Cartridge Challenge,-25.0,192,731.3,2026 Peterson Cartridge Challenge
225,1203,Scott teculver,706.1,715.9,-9.8,5,W.A.R. Rifles Shootout,3.9,214,722.8,2026 Peterson Cartridge Challenge
226,1033,Joe McFarlane,705.6,665.3,40.3,8,2026 West Coast Redemption,-25.0,194,730.6,2026 West Coast Redemption
227,783,Drew Turner,705.6,699.5,6.1,4,2026 Peterson Cartridge Challenge,33.1,235,709.3,2026 Clay's Cartridge Co. Classic
228,623,Joey Pohl,704.1,664.6,39.5,1,2026 Leupold Steel Classic PRS Match,39.5,245,704.1,
229,2892,Russ Rodrigues,704.0,579.0,125.0,4,2026 Peterson Cartridge Challenge,50.0,199,729.0,2026 Vortex Vengeance
230,1453,Allan Jaworski,703.3,784.8,-81.4,5,W.A.R. Rifles Shootout,17.7,217,719.3,2026 Vortex Vengeance
231,492,Cole Been,702.6,533.5,169.1,6,2026 Impact Foundation PRC,28.6,250,703.1,2026 OKIE SHOWDOWN PRESENTED BY FOUNDATION STOCKS
232,1207,Rob Chorzepa,702.5,682.7,19.8,10,Foundation Stocks at Twisted Barrel Precision September 19th and 20th 2 day,14.2,249,703.4,2026 Southern Iowa Showdown presented by ZEISS
233,1120,Cal Zant,702.2,620.9,81.2,5,Twisted Barrel Precision Scorcher IV by Leupold,-14.6,224,716.8,Twisted Barrel Precision Scorcher IV by Leupold
234,1201,Jarred Horsky,701.8,626.7,75.0,4,THS Steel Challenge presented by TS Customs,-25.0,203,726.8,THS Steel Challenge presented by TS Customs
235,868,Kris Haughian,701.4,677.5,23.9,9,Foundation Stocks at Twisted Barrel Precision September 19th and 20th 2 day,-25.0,240,708.0,2026 Snake River Standoff by Lone Peak
236,1125,Sheldon Nalos,701.2,730.4,-29.2,5,2026 West Coast Redemption,9.7,241,707.8,Short Action Customs Steel Challenge
237,589,William Micheau,700.5,557.9,142.5,10,Foundation Stocks at Twisted Barrel Precision September 19th and 20th 2 day,-9.5,248,703.6,Gunline Shooting Magnolia Madness
238,7088,Michael Alfieri,700,650,50,1,2026 B&T Ind. LLC Box Canyon Showdown....Suppressors Only!,50,255,700,
239,1171,rory gibbons,700,650,50,1,Foundation Stocks at Twisted Barrel Precision September 19th and 20th 2 day,50,256,700,
240,11172,Ryan Matruder,699.2,550,149.2,6,2026 Federal Gold Medal Match- Pro Series Qualifier,-25.0,209,724.2,2026 Federal Gold Medal Match- Pro Series Qualifier
241,11165,Tyler Holmes,698.8,710.9,-12.0,2,Pigg River Precision H.A.M Presented by Leupold Optics,13.0,232,711.8,MPA SPRING SHOOTOUT
242,1211,Brian Black,698.5,748.3,-49.8,3,2026 Hornady PRC,-22.3,229,713.6,Desert Chaos
243,1506,Casey Mcfarlane,698.3,681.6,16.7,6,2026 Hornady PRC,34.3,253,701.1,Desert Chaos
244,1047,Brian Meyer,698.2,677.5,20.7,5,2026 Peterson Cartridge Challenge,-25.0,246,704.1,2026 MDT FROSTBITE
245,2101,Daniel Moua,698.0,555.6,142.4,4,2026 West Coast Redemption,50.0,265,698.0,
246,6184,Keelan Woods,697.9,598.6,99.3,9,WI Barrel Maker 2.0,3.4,260,698.8,2026 Leupold Steel Classic PRS Match
247,2141,Ryan Harms,697.4,600,97.4,3,THS Steel Challenge presented by TS Customs,-1.2,261,698.6,THS Steel Challenge presented by TS Customs
248,3757,Andrew Peterson,697.3,700.0,-2.7,1,2026 Snake River Standoff by Lone Peak,-2.7,270,697.3,
249,594,Dwight Toth,696.6,689.5,7.1,10,Foundation Stocks at Twisted Barrel Precision September 19th and 20th 2 day,-25.0,257,699.8,2026 Leupold Steel Classic PRS Match
250,546,Ryan Smothers,696.4,644.6,51.8,2,2026 Impact Foundation PRC,50.0,272,696.4,
251,2699,Billy Redpath,695.8,575.4,120.4,11,Apex Rocky Mountain Challenge 2026,21.4,269,697.3,Gravestone Cowtown Classic
252,1374,Nick Steder,694.7,594.7,100.0,2,K&M Kahles Precision Rifle Competition PRS Pro Series Qualifier,50.0,277,694.7,
253,981,Daniel Brister,694.6,714.7,-20.2,4,2026 Federal Gold Medal Match- Pro Series Qualifier,37.4,254,700.8,2026 Leupold Steel Classic PRS Match
254,6606,Nelson Drolet,693.8,622.4,71.4,5,2026 MDT Midsummer Madness PRS 2-day Pro Series Qualifier,31.9,233,711.1,2026 Vortex Vengeance
255,8520,Cory Smith,693.6,482.0,211.7,11,2026 Federal Gold Medal Match- Pro Series Qualifier,-25.0,276,694.9,2026 Leupold Steel Classic PRS Match
256,8056,david frank,693.6,621.3,72.3,6,W.A.R. Rifles Shootout,4.5,264,698.2,Pigg River Precision H.A.M Presented by Leupold Optics
257,120628,Timber Sydebotham,693.5,475.6,218.0,7,Foundation Stocks at Twisted Barrel Precision September 19th and 20th 2 day,-25.0,218,718.5,Foundation Stocks at Twisted Barrel Precision September 19th and 20th 2 day
258,19010,Brandon Rudge,693.5,637.9,55.5,2,2026 Leupold Best In Texas,50.0,279,693.5,
259,384,Michael Bae,692.6,682.0,10.6,8,2026 West Coast Redemption,35.8,271,697.0,2026 Thunder Beast Arms Co King of Coal Canyon
260,1020,Jon Kimball,692.3,612.2,80.1,3,2026 West Coast Redemption,-19.9,231,712.2,2026 West Coast Redemption
261,7003,Mitch Evans,692.2,596.8,95.4,5,W.A.R. Rifles Shootout,-16.2,238,708.4,W.A.R. Rifles Shootout
262,3976,Sean Nelson,691.9,716.9,-25.0,1,WI Barrel Maker 2.0,-25.0,284,691.9,
263,1696,lewis ecker,691.8,713.5,-21.7,4,2026 Federal Gold Medal Match- Pro Series Qualifier,-25.0,266,697.8,Gravestone Cowtown Classic
264,7086,matt susbury,691.2,691.1,0.1,6,W.A.R. Rifles Shootout,-12.7,274,695.9,2026 Leupold Steel Classic PRS Match
265,7025,Gabriel Dawwas,690.8,652.2,38.6,8,2026 Peterson Cartridge Challenge,-20.4,282,692.3,2026 Leupold Steel Classic PRS Match
266,217,Ryan Gee,689.8,642.0,47.8,4,2026 West Coast Redemption,25.9,286,691.7,2026 MDT Midsummer Madness PRS 2-day Pro Series Qualifier
267,558,Lee Stebar,689.2,589.2,100.0,9,Foundation Stocks at Twisted Barrel Precision September 19th and 20th 2 day,50.0,280,693.5,2026 OKIE SHOWDOWN PRESENTED BY FOUNDATION STOCKS
268,7098,Rick Schwertner,687.1,690.7,-3.6,7,Foundation Stocks at Twisted Barrel Precision September 19th and 20th 2 day,-25.0,259,699.3,2026 Hodgdon Punisher Positional
269,494,Zachary Medlin,686.9,667.6,19.3,7,2026 West Coast Redemption,-25.0,289,688.9,2026 Clay's Cartridge Co. Classic
270,323,Matthew Sowa,685.9,600,85.9,6,Apex Rocky Mountain Challenge 2026,-11.5,281,692.9,Gunline Shooting Magnolia Madness
271,12676,Lee Winters,685.6,475.6,210.1,8,2026 Federal Gold Medal Match- Pro Series Qualifier,26.1,275,695.3,Pigg River Precision H.A.M Presented by Leupold Optics
272,1251,Tyler Manning,685.4,710.4,-25.0,1,2026 MDT FROSTBITE,-25.0,293,685.4,
273,1210,Chris Rounds,685.1,705.2,-20.1,3,2026 Peterson Cartridge Challenge,-25.0,267,697.8,K&M Kahles Precision Rifle Competition PRS Pro Series Qualifier
274,1090,Ben Fleenor,684.2,759.2,-75.0,3,2026 SAC SIZZLER,-25.0,236,709.2,2026 Clinton House Chaos Presented by Vortex
275,363,Matthew Hornback,684.0,734.0,-50.0,2,THS Steel Challenge presented by TS Customs,-25.0,237,709.0,2026 Hornady PRC
276,591,Tommy Tinsley,683.9,658.9,25.0,2,2026 Impact Foundation PRC,50.0,247,704.1,Twisted Barrel Precision Scorcher IV by Leupold
277,2931,Dan Crank,683.3,739.7,-56.5,4,2026 Federal Gold Medal Match- Pro Series Qualifier,-14.4,290,688.6,2026 MDT FROSTBITE
278,4743,Billy Traxler,683.1,648.9,34.1,5,SILENT NIGHT presented by SILENCERCO,-24.4,242,707.5,SILENT NIGHT presented by SILENCERCO
279,1178,Nathan Dykstra,683.0,694.3,-11.3,1,2026 MDT Barrel Burner at The Lead Farm,-11.3,301,683.0,
280,3245,Jason Waller,682.8,586.9,95.9,8,Foundation Stocks at Twisted Barrel Precision September 19th and 20th 2 day,35.2,299,683.5,2026 Thunder Beast Arms Co King of Coal Canyon
281,604,Grant Wood,682.4,602.3,80.1,6,2026 Impact Foundation PRC,-25.0,244,707.4,2026 Impact Foundation PRC
282,2981,Eddie fosnaugh,682.4,632.4,50.0,1,2026 SAC SIZZLER,50.0,304,682.4,
283,5072,larry Deese,682.2,543.3,138.9,5,Foundation Stocks at Twisted Barrel Precision September 19th and 20th 2 day,13.9,288,690.4,2026 Federal Gold Medal Match- Pro Series Qualifier
284,3743,Nicholas Gebhardt,682.1,681.2,0.9,9,2026 West Coast Redemption,17.5,300,683.5,2026 MDT Barrel Burner at The Lead Farm
285,7084,Philippe Landry,682.1,680.1,2.0,2,Sheepdog Showdown,-9.7,285,691.8,Sheepdog Showdown
286,5100,Justin Watts,681.7,685.9,-4.2,4,2026 Impact Foundation PRC,-25.0,268,697.4,2026 Clay's Cartridge Co. Classic
287,574,Dennis nourry,681.7,603.7,78.0,9,2026 Manners Mayhem,10.2,294,685.1,Gunline Shooting Magnolia Madness
288,27331,Jim Coombe,680.7,705.3,-24.7,1,Pigg River Precision H.A.M Presented by Leupold Optics,-24.7,313,680.7,
289,1102,Richard kutcher,680.6,643.7,36.9,5,WI Barrel Maker 2.0,33.3,298,683.6,2026 Southern Iowa Showdown presented by ZEISS
290,1916,Darren Whitehead,680.4,602.1,78.3,6,Apex Rocky Mountain Challenge 2026,-0.7,306,682.1,SAPRL 2026 - Cactus Cup Presented By Lapua - PRS Pro Series (2 Day)
291,11166,Keshawn Jackson,680.2,630.2,50.0,1,Pigg River Precision H.A.M Presented by Leupold Optics,50.0,314,680.2,
292,761,Robert Watson,679.7,621.0,58.7,5,2026 Impact Foundation PRC,46.6,309,681.2,2026 Clay's Cartridge Co. Classic
293,254,Chris Garcia,678.4,694.0,-15.6,4,2026 Hodgdon Punisher Positional,-6.9,297,684.3,Gravestone Cowtown Classic
294,33932,Matt Clark,677.9,624.5,53.4,2,Parma Precision Rifle Rumble VIII presented by Burris Optics,17.0,319,677.9,
295,4967,Patrick Johnson,677.6,702.6,-25.0,1,2026 Federal Gold Medal Match- Pro Series Qualifier,-25.0,320,677.6,
296,8379,Jeffrey Barton,677.4,641.2,36.2,5,W.A.R. Rifles Shootout,-17.6,316,678.8,2026 Vortex Vengeance
297,1303,Tripp McEachern,677.4,661.4,16.0,6,Twisted Barrel Precision Scorcher IV by Leupold,-3.8,310,681.2,Gravestone Cowtown Classic
298,2979,Hoskins Adam,677.4,523.0,154.3,10,2026 Impact Foundation PRC,-25.0,315,679.2,2026 Southern Iowa Showdown presented by ZEISS
299,281,Michael Look,677.1,721.1,-44.0,8,W.A.R. Rifles Shootout,-11.3,302,682.9,2026 Clay's Cartridge Co. Classic
300,7193,garrett Barton,677.0,586.5,90.6,3,2026 Federal Gold Medal Match- Pro Series Qualifier,32.2,321,677.0,
301,1053,Michael Thomas,676.9,638.9,38.1,3,Foundation Stocks at Twisted Barrel Precision September 19th and 20th 2 day,13.1,295,684.8,Twisted Barrel Precision Scorcher IV by Leupold
302,3249,Joseph Maynard,676.7,603.7,72.9,6,Twisted Barrel Precision Scorcher IV by Leupold,-25.0,251,701.7,Twisted Barrel Precision Scorcher IV by Leupold
303,3166,Dylan Whittier,676.5,647.2,29.3,6,2026 West Coast Redemption,-25.0,252,701.5,2026 West Coast Redemption
304,2966,Dustin Shumate,676.1,650,26.1,2,2026 Vortex Vengeance,-14.3,287,690.5,2026 Vortex Vengeance
305,565,Brandon Byars,676.1,663.9,12.1,4,2026 Impact Foundation PRC,5.0,308,681.3,2026 Hodgdon Punisher Positional
306,5409,Aaron Sutton,675.6,475.6,200.0,4,2026 Impact Foundation PRC,50.0,332,675.6,
307,3221,Bret Files,675.5,614.3,61.2,7,2026 West Coast Redemption,-0.5,326,676.5,2026 Clay's Cartridge Co. Classic
308,3527,Oliver Pentinmaki,675.3,634.7,40.6,2,WI Barrel Maker 2.0,8.8,334,675.3,
309,3758,Steve Eames,675.1,704.2,-29.0,2,Parma Precision Rifle Rumble VIII presented by Burris Optics,-4.0,278,694.0,Desert Chaos
310,4935,Michael Lilly,675.1,706.6,-31.4,6,2026 Federal Gold Medal Match- Pro Series Qualifier,-25.0,318,678.2,2026 Leupold Steel Classic PRS Match
311,2559,Brandon Bafus,674.6,640.8,33.8,7,2026 Impact Foundation PRC,50.0,258,699.6,2026 Hornady PRC
312,1569,Chase Ford,673.5,550,123.5,4,W.A.R. Rifles Shootout,-25.0,262,698.5,W.A.R. Rifles Shootout
313,11889,Nick Hasto,673.5,623.5,50.0,1,WI Barrel Maker 2.0,50.0,340,673.5,
314,3643,Luke Anderson,673.4,578.3,95.1,3,Apex Rocky Mountain Challenge 2026,11.8,341,673.4,
315,4745,dillion lapoma,673.4,673.4,0.0,3,2026 Hodgdon Punisher Positional,-25.0,263,698.4,2026 OKIE SHOWDOWN PRESENTED BY FOUNDATION STOCKS
316,1196,Sam Carlson,672.5,642.5,30.0,5,THS Steel Challenge presented by TS Customs,9.0,336,675.2,Desert Chaos
317,1280,Colt Soppit,672.2,649.2,23.0,2,Apex Rocky Mountain Challenge 2026,25.3,339,673.7,SAPRL 2026 - Cactus Cup Presented By Lapua - PRS Pro Series (2 Day)
318,1377,Tim Barney,672.1,722.9,-50.8,3,2026 Snake River Standoff by Lone Peak,-19.8,283,691.9,Desert Chaos
319,1319,Frank Heisler,671.7,630.3,41.4,3,Pancake Lake Open Presented by Dominion Outdoors,14.5,346,671.7,
320,1908,Travis Pomp,671.3,732.4,-61.1,4,WI Barrel Maker 2.0,-25.0,273,696.3,Sheepdog Showdown
321,551,Kort Cole,670.3,695.3,-25.0,1,2026 Hodgdon Punisher Positional,-25.0,350,670.3,
322,1549,Brian Cisar,670.0,625.9,44.1,1,2026 Southern Iowa Showdown presented by ZEISS,44.1,353,670.0,
323,176,Michael Draeger,670.0,568.8,101.2,5,2026 West Coast Redemption,23.7,352,670.2,Parma Precision Rifle Rumble VIII presented by Burris Optics
324,444,John Neal,669.8,725.9,-56.0,12,Foundation Stocks at Twisted Barrel Precision September 19th and 20th 2 day,-25.0,357,669.9,Gravestone Cowtown Classic
325,1757,Hyundo(Sean) Sung,669.4,492.9,176.5,7,2026 West Coast Redemption,50.0,342,673.4,SAPRL 2026 - Cactus Cup Presented By Lapua - PRS Pro Series (2 Day)
326,3129,Nathan McDonald,668.7,604.7,64.1,8,2026 West Coast Redemption,50.0,355,669.9,Gravestone Cowtown Classic
327,940,Tanner Neu,668.6,643.3,25.3,1,SAPRL 2026 - Cactus Cup Presented By Lapua - PRS Pro Series (2 Day),25.3,358,668.6,
328,955,Ryan Mclean,668.5,605.4,63.0,6,2026 West Coast Redemption,-17.6,351,670.2,2026 MDT Barrel Burner at The Lead Farm
329,1494,Matt Radford,668.3,676.5,-8.2,1,Pigg River Precision H.A.M Presented by Leupold Optics,-8.2,360,668.3,
330,2103,Nick Metzler,667.4,608.7,58.6,3,2026 West Coast Redemption,17.9,362,667.4,
331,8894,Brent Davis,667.3,555.2,112.1,4,2026 Manners Mayhem,4.8,363,667.3,
332,945,Matt Stiner,667.2,692.4,-25.2,5,W.A.R. Rifles Shootout,6.6,323,676.9,2026 Clay's Cartridge Co. Classic
333,8950,Derryk Hovey,666.0,679.1,-13.1,3,Pigg River Precision H.A.M Presented by Leupold Optics,-22.3,291,688.3,2026 Thunder Beast Arms Co King of Coal Canyon
334,2818,Jude Pastoral,665.5,632.0,33.5,6,Foundation Stocks at Twisted Barrel Precision September 19th and 20th 2 day,50.0,361,667.5,Gravestone Cowtown Classic
335,1656,Chris Moore,665.3,670.3,-5.0,2,2026 Snake River Standoff by Lone Peak,20.0,312,680.7,Berger Precision Challenge
336,6575,Scott Peterson,664.4,718.0,-53.6,5,2026 Hornady PRC,26.4,348,670.6,Berger Precision Challenge
337,1478,Taylor Zahora,664.1,561.8,102.3,6,2026 West Coast Redemption,4.0,328,676.2,2026 Koenig-Ruger PRC
338,4464,Patrick Meehl,664.0,509.2,154.8,5,2026 West Coast Redemption,-17.1,311,681.1,2026 West Coast Redemption
339,292,Jon Bibb,663.9,608.0,55.9,2,2026 West Coast Redemption,50.0,373,663.9,
340,1360,Scott Hussell,663.3,619.8,43.5,1,2026 MDT FROSTBITE,43.5,375,663.3,
341,800,drew thomes,663.1,688.1,-25.0,1,2026 Southern Iowa Showdown presented by ZEISS,-25.0,376,663.1,
342,8195,Dan poliquin,662.7,676.7,-14.0,6,W.A.R. Rifles Shootout,-15.7,317,678.5,Sheepdog Showdown
343,4923,Rodney Rossignol,662.5,652.2,10.3,3,2026 Federal Gold Medal Match- Pro Series Qualifier,32.6,366,666.1,MPA SPRING SHOOTOUT
344,516,Steven Feldt,662.0,728.7,-66.7,4,WI Barrel Maker 2.0,-25.0,331,675.7,Twisted Barrel Precision Scorcher IV by Leupold
345,1274,Christopher Putman,661.9,687.1,-25.2,3,WI Barrel Maker 2.0,-5.6,322,676.9,2026 SAC SIZZLER
346,13075,Brandon Doehring,661.8,475.6,186.2,4,2026 Impact Foundation PRC,50.0,381,661.8,
347,1499,John boyken,661.5,709.7,-48.2,5,2026 Impact Foundation PRC,-25.0,330,675.8,Gravestone Cowtown Classic
348,11977,Jesse Walker,661.4,614.1,47.4,3,K&M Kahles Precision Rifle Competition PRS Pro Series Qualifier,33.6,370,665.2,Gunline Shooting Magnolia Madness
349,563,Mark Pease,661.1,740.6,-79.5,8,2026 Federal Gold Medal Match- Pro Series Qualifier,-10.5,382,661.4,Gravestone Cowtown Classic
350,3744,Jesse Gebhardt,661.0,645.4,15.5,8,2026 West Coast Redemption,50.0,344,672.4,Short Action Customs Steel Challenge
351,1910,Tony Gohr,660.7,710.7,-50.0,2,2026 Leupold Steel Classic PRS Match,-25.0,292,685.7,Gravestone Cowtown Classic
352,1291,Joshua Speer,660.6,687.1,-26.5,6,2026 Federal Gold Medal Match- Pro Series Qualifier,-25.0,374,663.8,Gravestone Cowtown Classic
353,1169,Mark Mccensky,659.9,618.0,41.9,4,2026 West Coast Redemption,-25.0,324,676.9,K&M Kahles Precision Rifle Competition PRS Pro Series Qualifier
354,1572,Keith Glasscock,659.6,611.6,47.9,4,2026 West Coast Redemption,-25.0,296,684.6,2026 West Coast Redemption
355,4933,Kendal Simpson,659.1,649.5,9.7,5,2026 Federal Gold Medal Match- Pro Series Qualifier,23.2,354,670.0,Gunline Shooting Magnolia Madness
356,5741,Wesley Waldeier,658.9,666.1,-7.2,6,WI Barrel Maker 2.0,-24.0,368,665.6,2026 Leupold Steel Classic PRS Match
357,10557,Tate Cunningham,658.6,475.6,183.0,4,2026 Federal Gold Medal Match- Pro Series Qualifier,33.0,387,658.6,
358,3230,Brandon Holland,658.5,642.8,15.7,10,2026 West Coast Redemption,-25.0,349,670.4,2026 OKIE SHOWDOWN PRESENTED BY FOUNDATION STOCKS
359,905,Jason Nedved,658.3,671.7,-13.4,4,THS Steel Challenge presented by TS Customs,50.0,335,675.3,2026 Southern Iowa Showdown presented by ZEISS
360,1282,Mitchell Fabry,658.1,676.8,-18.7,6,W.A.R. Rifles Shootout,-19.4,379,662.4,2026 MDT FROSTBITE
361,1537,Payton Grimes,657.5,704.5,-47.0,4,SILENT NIGHT presented by SILENCERCO,-25.0,303,682.5,2026 Leupold Best In Texas
362,3185,garrett tyler,657.4,612.4,45.0,4,W.A.R. Rifles Shootout,37.1,359,668.5,MPA SPRING SHOOTOUT
363,368,Will Ormes,657.3,550,107.3,5,2026 Manners Mayhem,-25.0,305,682.3,2026 Manners Mayhem
364,3223,brendan meyer,657.0,596.6,60.4,4,2026 Hornady PRC,17.4,383,660.8,2026 B&T Ind. LLC Box Canyon Showdown....Suppressors Only!
365,3731,Scott Richards,656.6,657.7,-1.1,2,2026 Hornady PRC,23.9,367,666.0,2026 Koenig-Ruger PRC
366,1168,Steve Mann,656.5,706.5,-50.0,2,2026 Koenig-Ruger PRC,-25.0,307,681.5,2026 Clay's Cartridge Co. Classic
367,805,Tommy Russell,656.4,516.2,140.1,3,2026 Peterson Cartridge Challenge,50.0,390,656.4,
368,3511,Trevor Hoffman,656.0,646.8,9.2,4,WI Barrel Maker 2.0,-4.6,371,664.2,Bullet Central Northern Lights Classic presented by: Bix’n Andy
369,1105,radek novak,656.0,713.0,-57.0,3,2026 Snake River Standoff by Lone Peak,-7.0,345,671.8,2026 Clay's Cartridge Co. Classic
370,1241,Jeff wankel,655.9,627.7,28.1,3,Foundation Stocks at Twisted Barrel Precision September 19th and 20th 2 day,22.5,391,656.3,2026 Peterson Cartridge Challenge
371,1511,Luke Albin,655.4,646.9,8.5,1,Bullet Central Northern Lights Classic presented by: Bix’n Andy,8.5,394,655.4,
372,485,Michael Beemer,655.0,680.0,-25.0,1,Gravestone Cowtown Classic,-25.0,396,655.0,
373,4741,Todd Goossen,654.9,582.1,72.8,2,2026 OKIE SHOWDOWN PRESENTED BY FOUNDATION STOCKS,22.8,398,654.9,
374,14537,Andy Hawkins,654.2,673.4,-19.1,1,2026 Leupold Best In Texas,-19.1,400,654.2,
375,1199,Garret Preece,653.9,693.8,-39.9,5,2026 Hornady PRC,11.8,389,658.3,Desert Chaos
376,1347,Eric Eshbach,653.9,645.6,8.3,8,2026 Impact Foundation PRC,-16.3,377,662.8,2026 Hodgdon Punisher Positional
377,1576,Jacob Emerson,653.9,678.9,-25.0,1,Gunline Shooting Magnolia Madness,-25.0,403,653.9,
378,10319,Herb Ludlam,653.8,642.7,11.1,3,2026 Clinton House Chaos Presented by Vortex,22.2,386,658.6,MPA SPRING SHOOTOUT
379,8381,Levi Marshall,653.6,647.4,6.2,3,2026 Peterson Cartridge Challenge,-18.8,343,672.4,2026 Vortex Vengeance
380,493,Stephen Plunkett,652.7,665.8,-13.0,10,Foundation Stocks at Twisted Barrel Precision September 19th and 20th 2 day,50.0,392,655.8,2026 Clay's Cartridge Co. Classic
381,1492,Dan Lévis,652.1,741.2,-89.1,5,2026 Peterson Cartridge Challenge,-0.3,384,660.5,2026 Leupold Steel Classic PRS Match
382,1232,tavis ha,651.6,621.5,30.1,5,2026 Impact Foundation PRC,-25.0,325,676.6,2026 Impact Foundation PRC
383,599,Jon Coker,651.5,560.6,90.8,7,Foundation Stocks at Twisted Barrel Precision September 19th and 20th 2 day,-25.0,327,676.5,2026 Impact Foundation PRC
384,2961,Joshua Saha,651.1,656.3,-5.2,2,2026 Vortex Vengeance,-25.0,329,676.1,2026 Vortex Vengeance
385,4977,Doug Granito,651.0,719.7,-68.7,4,2026 Federal Gold Medal Match- Pro Series Qualifier,6.3,378,662.5,Gunline Shooting Magnolia Madness
386,4449,Casey Kelley,651.0,638.6,12.4,3,2026 West Coast Redemption,50.0,369,665.2,Berger Precision Challenge
387,8562,Bryce Webb,650.6,475.6,175.0,5,Foundation Stocks at Twisted Barrel Precision September 19th and 20th 2 day,-25.0,333,675.6,Foundation Stocks at Twisted Barrel Precision September 19th and 20th 2 day
388,3752,Clayton Ellertson,650.5,547.0,103.6,3,2026 Hornady PRC,50.0,409,650.5,
389,4965,Alex Holman,650,600,50,4,2026 Manners Mayhem,-25,337,675,K&M Kahles Precision Rifle Competition PRS Pro Series Qualifier
390,4554,Troy Wheeler,650,500,150,3,Twisted Barrel Precision Scorcher IV by Leupold,50,410,650,
391,8232,Richard Saunders,650,600,50,1,2026 Thunder Beast Arms Co King of Coal Canyon,50,411,650,
392,1296,joe pask,650,600,50,1,Foundation Stocks at Twisted Barrel Precision September 19th and 20th 2 day,50,412,650,
393,3177,Joe Romano,649.7,547.0,102.7,4,2026 Impact Foundation PRC,50.0,413,649.7,
394,8743,Tim Miller,649.3,646.6,2.7,3,2026 Federal Gold Medal Match- Pro Series Qualifier,-25.0,338,674.3,2026 Federal Gold Medal Match- Pro Series Qualifier
395,535,DAVID MACKIE,648.9,638.2,10.8,6,THS Steel Challenge presented by TS Customs,-25.0,404,653.2,Gravestone Cowtown Classic
396,939,Nathan Wiggins,648.6,628.5,20.1,5,Foundation Stocks at Twisted Barrel Precision September 19th and 20th 2 day,-25.0,380,662.0,2026 Snake River Standoff by Lone Peak
397,9920,Benjamin Houghton,648.4,475.6,172.8,5,W.A.R. Rifles Shootout,45.3,407,651.7,Sheepdog Showdown
398,11835,Lindsay Greene,647.5,475.6,171.9,11,Foundation Stocks at Twisted Barrel Precision September 19th and 20th 2 day,29.3,418,647.5,2026 Leupold Best In Texas
399,3027,Larsen Brad,647.1,503.0,144.1,11,2026 Impact Foundation PRC,50.0,417,647.5,2026 Leupold Steel Classic PRS Match
400,1186,Nic Kytlica,646.4,671.4,-25.0,1,Twisted Barrel Precision Scorcher IV by Leupold,-25.0,423,646.4,
401,887,Mike Burns,646.4,663.4,-17.1,4,W.A.R. Rifles Shootout,21.5,402,654.1,Pigg River Precision H.A.M Presented by Leupold Optics
402,126674,Kurt Ives,646.3,671.3,-25.0,1,2026 Vortex Vengeance,-25.0,424,646.3,
403,587,Aaron Muss,646.2,653.2,-7.0,4,Foundation Stocks at Twisted Barrel Precision September 19th and 20th 2 day,-25.0,347,671.2,Foundation Stocks at Twisted Barrel Precision September 19th and 20th 2 day
404,7016,adam hawk,645.7,560.1,85.6,7,W.A.R. Rifles Shootout,-25.0,416,648.6,2026 MDT FROSTBITE
405,1677,Josh Gillispie,645.7,656.3,-10.6,6,2026 Federal Gold Medal Match- Pro Series Qualifier,-25.0,388,658.5,Gravestone Cowtown Classic
406,983,Tanner Balderree,645.2,625,20.2,1,Berger Precision Challenge,20.2,425,645.2,
407,5546,Jaco Van Aswegen,644.9,475.6,169.4,5,Foundation Stocks at Twisted Barrel Precision September 19th and 20th 2 day,-25.0,356,669.9,Foundation Stocks at Twisted Barrel Precision September 19th and 20th 2 day
408,509,Jeremy Sanders,644.8,699.6,-54.8,8,Foundation Stocks at Twisted Barrel Precision September 19th and 20th 2 day,-25.0,372,663.9,2026 Thunder Beast Arms Co King of Coal Canyon
409,5210,Derek Sherman,644.3,669.8,-25.5,4,THS Steel Challenge presented by TS Customs,-15.6,399,654.7,2026 Clay's Cartridge Co. Classic
410,11323,Joseph Bryant,643.8,600,43.8,1,MPA SPRING SHOOTOUT,43.8,429,643.8,
411,7093,Adam Ruen,643.1,652.0,-8.9,2,2026 Clinton House Chaos Presented by Vortex,13.0,401,654.2,MPA SPRING SHOOTOUT
412,6755,Samuel Gilman,643.1,624.2,18.9,6,2026 West Coast Redemption,-10.3,415,648.9,Desert Chaos
413,1172,Jonathan L. Thornton,643.0,661.9,-19.0,7,THS Steel Challenge presented by TS Customs,-8.2,419,647.5,Gravestone Cowtown Classic
414,889,Mike Lombardi,642.9,702.9,-59.9,4,W.A.R. Rifles Shootout,-25.0,393,655.6,2026 Vortex Vengeance
415,28267,Chris Agamaite,642.7,550,92.7,2,WI Barrel Maker 2.0,42.7,430,642.7,
416,724,Demetri iannios,642.6,618.5,24.1,1,2026 West Coast Redemption,24.1,431,642.6,
417,1500,Mike Martin,641.9,624.4,17.5,8,2026 Federal Gold Medal Match- Pro Series Qualifier,50.0,426,645.1,2026 B&T Ind. LLC Box Canyon Showdown....Suppressors Only!
418,2588,Nicholas Harper,641.7,691.7,-50.0,2,Parma Precision Rifle Rumble VIII presented by Burris Optics,-25.0,364,666.7,Short Action Customs Steel Challenge
419,3571,Mark Robles,641.6,600,41.6,1,Bullet Central Northern Lights Classic presented by: Bix’n Andy,41.6,434,641.6,
420,1221,Mike Aeschliman,641.5,554.5,86.9,5,2026 West Coast Redemption,-25.0,365,666.5,2026 West Coast Redemption
421,1134,John Galati,641.4,500,141.4,3,2026 Peterson Cartridge Challenge,50.0,435,641.4,
422,12578,Randy Bunting,640.9,590.9,50.0,1,Desert Chaos,50.0,437,640.9,
423,2922,Jon Mills,640.6,640.8,-0.2,3,2026 Peterson Cartridge Challenge,49.8,408,651.7,2026 MDT FROSTBITE
424,1064,Clayton Porter,640.0,767.2,-127.2,6,SILENT NIGHT presented by SILENCERCO,-19.1,421,647.5,Gravestone Cowtown Classic
425,7317,Curtis Winner,639.8,589.8,50.0,1,2026 Thunder Beast Arms Co King of Coal Canyon,50.0,440,639.8,
426,3501,Austin Berry,639.8,602.3,37.6,1,WI Barrel Maker 2.0,37.6,441,639.8,
427,125677,Tony Frank,639.2,500,139.2,3,2026 West Coast Redemption,50.0,442,639.2,
428,1336,Justin Adamson,638.9,635.7,3.2,2,2026 OKIE SHOWDOWN PRESENTED BY FOUNDATION STOCKS,28.2,405,653.1,2026 Snake River Standoff by Lone Peak
429,2696,Cal Lavigne,638.8,475.6,163.2,5,Apex Rocky Mountain Challenge 2026,50.0,428,644.1,2026 Hornady PRC
430,2923,Rhett Ashton,638.6,628.4,10.2,4,2026 Peterson Cartridge Challenge,-25.0,432,642.6,2026 MDT FROSTBITE
431,1040,Daniel Wallace,637.0,558.2,78.8,4,Foundation Stocks at Twisted Barrel Precision September 19th and 20th 2 day,50.0,446,637.9,2026 OKIE SHOWDOWN PRESENTED BY FOUNDATION STOCKS
432,1914,Josh Albrecht,636.7,603.0,33.7,6,2026 Hornady PRC,-25.0,395,655.0,2026 Koenig-Ruger PRC
433,715,mike reed,635.5,608.5,27.0,2,2026 Hornady PRC,5.9,451,635.5,
434,8890,Clint Munzlinger,635.4,660.4,-25.0,1,2026 Manners Mayhem,-25.0,452,635.4,
435,329,Brian Beattie,633.9,705.1,-71.2,6,2026 West Coast Redemption,7.1,436,641.0,2026 Leupold Steel Classic PRS Match
436,1202,Cody Haberstroh,633.6,608.6,25.0,2,2026 Hodgdon Punisher Positional,-25.0,385,658.6,2026 Hodgdon Punisher Positional
437,470,Joe Gurule,632.9,582.9,50.0,1,2026 Thunder Beast Arms Co King of Coal Canyon,50.0,455,632.9,
438,5195,charles waln,632.9,626.8,6.0,1,THS Steel Challenge presented by TS Customs,6.0,457,632.9,
439,7275,joshua downey,632.8,526.5,106.4,9,W.A.R. Rifles Shootout,10.3,456,632.9,2026 Clinton House Chaos Presented by Vortex
440,4451,Nicholas Keith,631.4,637.5,-6.1,3,Short Action Customs Steel Challenge,-18.0,414,649.4,Short Action Customs Steel Challenge
441,1400,Chris Woodhouse,631.2,650,-18.8,5,W.A.R. Rifles Shootout,33.0,422,647.4,2026 Peterson Cartridge Challenge
442,4944,Emma Kutscher,631.1,606.0,25.1,2,MPA SPRING SHOOTOUT,11.1,461,631.1,
443,2954,Zak Whiteley,631.1,418.2,212.9,7,W.A.R. Rifles Shootout,42.4,460,631.6,2026 SAC SIZZLER
444,8188,Tyler Marburger,630.4,530.4,100.0,2,2026 Peterson Cartridge Challenge,50.0,464,630.4,
445,1123,Tereza Toman Helstynova,630.4,475.6,154.9,7,Foundation Stocks at Twisted Barrel Precision September 19th and 20th 2 day,-25.0,449,636.6,2026 OKIE SHOWDOWN PRESENTED BY FOUNDATION STOCKS
446,8642,Dan Tatem,630.2,585.2,45.0,4,2026 Peterson Cartridge Challenge,40.2,454,634.7,Sheepdog Showdown
447,3236,Ken Wheeler,630.2,659.5,-29.3,3,2026 Impact Foundation PRC,6.4,459,632.5,2026 B&T Ind. LLC Box Canyon Showdown....Suppressors Only!
448,11348,Joseph Lancaster,630.0,489.8,140.2,6,2026 Federal Gold Medal Match- Pro Series Qualifier,50.0,458,632.8,Gunline Shooting Magnolia Madness
449,7441,Gary Tait,630.0,600,30.0,4,2026 Hornady PRC,-25.0,397,655.0,2026 Hornady PRC
450,2603,Kyle Hosaluk,629.8,475.6,154.3,4,Pancake Lake Open Presented by Dominion Outdoors,4.3,466,629.8,
451,3395,Ryan Kerr,629.6,642.7,-13.0,2,2026 Hornady PRC,12.0,445,638.3,Desert Chaos
452,726,Grant Watson,629.2,631.6,-2.5,7,W.A.R. Rifles Shootout,-25.0,453,634.9,2026 Leupold Steel Classic PRS Match
453,586,Jonathan Whitehead,629.1,529.7,99.4,10,2026 Federal Gold Medal Match- Pro Series Qualifier,50.0,469,629.1,A-Team PRC
454,6431,Sam Henderson,628.9,550,78.9,2,2026 Manners Mayhem,28.9,470,628.9,
455,6968,Timothy Mattes,628.6,559.9,68.7,5,W.A.R. Rifles Shootout,25.2,427,644.8,Sheepdog Showdown
456,161,Jordan Agawa,628.6,535.7,92.8,2,2026 West Coast Redemption,42.8,471,628.6,
457,38604,Jose Garza,627.7,652.7,-25.0,1,2026 Leupold Steel Classic PRS Match,-25.0,474,627.7,
458,9687,Andrew Walker,627.5,677.5,-50.0,2,2026 Impact Foundation PRC,-25.0,406,652.5,2026 Clinton House Chaos Presented by Vortex
459,4722,Jonathan Becker,626.9,541.2,85.7,3,THS Steel Challenge presented by TS Customs,14.6,477,626.9,
460,6360,Randy Sherman,626.7,617.3,9.3,4,W.A.R. Rifles Shootout,-4.9,433,642.2,2026 Peterson Cartridge Challenge
461,2561,Beniamin Aitonean,626.5,608.3,18.1,2,2026 MDT Midsummer Madness PRS 2-day Pro Series Qualifier,16.3,479,626.5,
462,1605,Daniel Farris,626.3,651.3,-25.0,1,2026 Leupold Best In Texas,-25.0,480,626.3,
463,208,Arvind Thube,626.1,585.8,40.4,3,2026 West Coast Redemption,30.3,450,635.8,2026 Snake River Standoff by Lone Peak
464,13270,Robert Jones Jr,625.6,475.6,150.0,3,2026 Leupold Best In Texas,50.0,481,625.6,
465,876,Tyler Jalbert,625.4,622.5,2.9,1,2026 MDT Midsummer Madness PRS 2-day Pro Series Qualifier,2.9,483,625.4,
466,7104,Sam Singleton,625.1,484.0,141.1,7,2026 Impact Foundation PRC,-4.4,468,629.5,2026 Hornady PRC
467,1463,John Van Orman,625,650,-25,1,2026 Hornady PRC,-25,485,625,
468,1056,David Cantu,624.8,613.7,11.1,1,2026 West Coast Redemption,11.1,488,624.8,
469,10275,Alexander Ortiz,624.8,620.8,3.9,1,2026 SAC SIZZLER,3.9,489,624.8,
470,348,Chris Way,624.4,585.1,39.4,1,2026 B&T Ind. LLC Box Canyon Showdown....Suppressors Only!,39.4,490,624.4,
471,3282,Hunter Onchuck,623.8,475.6,148.2,4,Pancake Lake Open Presented by Dominion Outdoors,18.3,492,623.8,
472,11167,Michael Keenan,622.5,654.2,-31.7,2,2026 Alpha-Munitions Nut Crusher,-25.0,420,647.5,2026 Alpha-Munitions Nut Crusher
473,463,Michael Coley,622.0,475.6,146.5,6,2026 Federal Gold Medal Match- Pro Series Qualifier,50.0,494,622.1,Gunline Shooting Magnolia Madness
474,9691,Benjamin Conner,621.3,475.6,145.8,7,2026 Impact Foundation PRC,-25.0,467,629.7,2026 Thunder Beast Arms Co King of Coal Canyon
475,1519,Chase Glenn,620.6,590.4,30.3,4,SILENT NIGHT presented by SILENCERCO,18.0,497,621.3,2026 B&T Ind. LLC Box Canyon Showdown....Suppressors Only!
476,403,Ryan Leishman,620.3,645.3,-25.0,1,2026 Snake River Standoff by Lone Peak,-25.0,499,620.3,
477,1138,Trey Fleming,619.8,590.3,29.6,4,2026 Federal Gold Medal Match- Pro Series Qualifier,32.9,495,621.9,Gunline Shooting Magnolia Madness
478,1248,Brandon Wixo,619.4,500,119.4,4,WI Barrel Maker 2.0,44.6,501,619.5,2026 Manners Mayhem
479,954,Ben Alicea,619.4,698.7,-79.3,4,2026 Federal Gold Medal Match- Pro Series Qualifier,-12.7,476,626.9,Gravestone Cowtown Classic
480,1126,Ashlyn Nalos,619.4,632.2,-12.8,1,Parma Precision Rifle Rumble VIII presented by Burris Optics,-12.8,502,619.4,
481,3724,Mike Majors,619.4,590.7,28.7,10,2026 Impact Foundation PRC,-25.0,500,619.8,Desert Chaos
482,11098,Cory Weiss,619.3,572.1,47.2,3,Pigg River Precision H.A.M Presented by Leupold Optics,43.9,496,621.5,MPA SPRING SHOOTOUT
483,1022,Jordan Ledesma,619.0,569.0,50.0,1,2026 West Coast Redemption,50.0,503,619.0,
484,749,Dane Drzimotta,618.0,537.1,81.0,4,2026 West Coast Redemption,11.6,473,628.0,2026 MDT Midsummer Madness PRS 2-day Pro Series Qualifier
485,205,David Christensen,618.0,633.0,-15.1,1,Parma Precision Rifle Rumble VIII presented by Burris Optics,-15.1,506,618.0,
486,3468,Steve Pederson,617.8,496.4,121.5,3,THS Steel Challenge presented by TS Customs,50.0,507,617.8,
487,3250,John Childs,617.8,617.1,0.7,11,Foundation Stocks at Twisted Barrel Precision September 19th and 20th 2 day,-25.0,505,618.2,2026 Clay's Cartridge Co. Classic
488,4463,Iggy Pozo,617.5,616.2,1.2,2,Short Action Customs Steel Challenge,26.2,462,630.6,2026 MDT Barrel Burner at The Lead Farm
489,2271,Adam Glatt,617.1,667.9,-50.8,6,Foundation Stocks at Twisted Barrel Precision September 19th and 20th 2 day,-25.0,487,624.8,Bullet Central Northern Lights Classic presented by: Bix’n Andy
490,218,Michael Moore,616.6,611.8,4.8,3,Parma Precision Rifle Rumble VIII presented by Burris Optics,-20.2,448,636.8,Desert Chaos
491,1601,Christopher Vlasic,616.3,577.3,38.9,3,2026 Vortex Vengeance,50.0,472,628.5,2026 Southern Iowa Showdown presented by ZEISS
492,539,scott mcmillan,615.9,640.9,-25.0,1,Foundation Stocks at Twisted Barrel Precision September 19th and 20th 2 day,-25.0,510,615.9,
493,6607,Kevin Niedzwiedz,615.8,694.1,-78.3,6,Sheepdog Showdown,-6.8,484,625.1,2026 MDT Barrel Burner at The Lead Farm
494,38607,Dave Re,615.7,565.7,50.0,1,2026 Leupold Steel Classic PRS Match,50.0,511,615.7,
495,13525,Adam Abel,615.6,507.5,108.2,4,2026 West Coast Redemption,-25.0,438,640.6,2026 West Coast Redemption
496,13972,Vaclav Kaska,615.3,475.6,139.7,6,Foundation Stocks at Twisted Barrel Precision September 19th and 20th 2 day,21.6,512,615.5,Gunline Shooting Magnolia Madness
497,11103,Buck Wiles,614.9,643.4,-28.5,3,Pigg River Precision H.A.M Presented by Leupold Optics,-25.0,439,639.9,2026 Clinton House Chaos Presented by Vortex
498,339,ROBERT MAHAFFEY,613.9,624.7,-10.8,7,2026 West Coast Redemption,-25.0,443,638.9,2026 West Coast Redemption
499,4936,Raymond Murff,613.8,663.8,-50.0,2,Gunline Shooting Magnolia Madness,-25.0,444,638.8,A-Team PRC
500,2766,Tyler Eelhart,613.4,554.3,59.1,4,Pancake Lake Open Presented by Dominion Outdoors,33.1,513,613.4,
501,8889,Trent Keen,613.2,640.6,-27.4,3,2026 Manners Mayhem,-17.3,463,630.6,2026 OKIE SHOWDOWN PRESENTED BY FOUNDATION STOCKS
502,38322,Chandler Dunsavage,612.8,500,112.8,3,2026 Federal Gold Medal Match- Pro Series Qualifier,50.0,517,612.8,
503,2926,Michael Olson,612.8,615.4,-2.6,4,2026 Manners Mayhem,-25.0,447,637.8,Bullet Central Northern Lights Classic presented by: Bix’n Andy
504,13196,Joseph Telford,612.8,535.6,77.2,3,Pigg River Precision H.A.M Presented by Leupold Optics,3.4,518,612.8,
505,9359,Austin Henigan,612.3,587.3,25.0,2,2026 Impact Foundation PRC,50.0,478,626.8,2026 Leupold Steel Classic PRS Match
506,19150,Justin Louw,612.1,637.1,-25.0,1,Pigg River Precision H.A.M Presented by Leupold Optics,-25.0,520,612.1,
507,3746,Darren Nagel,611.9,587.0,24.9,2,2026 MDT Midsummer Madness PRS 2-day Pro Series Qualifier,-0.9,516,612.8,2026 MDT Midsummer Madness PRS 2-day Pro Series Qualifier
508,1466,Adam Cornett,611.3,655.1,-43.8,7,W.A.R. Rifles Shootout,-25.0,504,618.7,2026 Vortex Vengeance
509,3517,Robert Aery,611.1,597.0,14.0,5,Foundation Stocks at Twisted Barrel Precision September 19th and 20th 2 day,25.2,519,612.7,2026 OKIE SHOWDOWN PRESENTED BY FOUNDATION STOCKS
510,2945,Ryan Ashley,610.9,511.5,99.4,2,2026 Federal Gold Medal Match- Pro Series Qualifier,49.4,523,610.9,
511,1131,Tyler Beckley,610.6,537.1,73.6,7,Apex Rocky Mountain Challenge 2026,-0.5,491,624.1,2026 MDT Midsummer Madness PRS 2-day Pro Series Qualifier
512,8028,Judge Hartin,610.4,475.6,134.9,7,2026 Impact Foundation PRC,50.0,514,613.1,2026 B&T Ind. LLC Box Canyon Showdown....Suppressors Only!
513,4991,Brandon Burnette,610.0,614.2,-4.2,1,A-Team PRC,-4.2,527,610.0,
514,4206,Alexander Corpening,610.0,460.0,150.0,3,2026 Impact Foundation PRC,50.0,528,610.0,
515,11059,Daniel Cigala,609.2,475.6,133.7,4,2026 Impact Foundation PRC,5.1,532,609.2,
516,564,Wes Mcbride,608.4,646.2,-37.7,4,2026 Impact Foundation PRC,22.4,526,610.1,2026 Leupold Steel Classic PRS Match
517,7032,Jacob Zupke,607.5,557.5,50.0,1,W.A.R. Rifles Shootout,50.0,534,607.5,
518,3220,Charles Martin,607.4,566.3,41.2,1,Foundation Stocks at Twisted Barrel Precision September 19th and 20th 2 day,41.2,535,607.4,
519,4945,fred kutscher,606.2,602.3,3.9,1,A-Team PRC,3.9,540,606.2,
520,8126,Jesse Carter,606.2,475.6,130.6,7,Foundation Stocks at Twisted Barrel Precision September 19th and 20th 2 day,-25.0,521,612.1,2026 OKIE SHOWDOWN PRESENTED BY FOUNDATION STOCKS
521,8185,Ray LaBonte,606.0,616.6,-10.5,1,Sheepdog Showdown,-10.5,541,606.0,
522,4239,ziggy duhring,606.0,609.2,-3.2,3,2026 Leupold Best In Texas,-25.0,531,609.4,Gravestone Cowtown Classic
523,733,Shannon Walker,605.8,604.6,1.3,1,Parma Precision Rifle Rumble VIII presented by Burris Optics,1.3,542,605.8,
524,7790,Tobias Lindgren,605.6,550,55.6,2,Foundation Stocks at Twisted Barrel Precision September 19th and 20th 2 day,5.6,543,605.6,
525,3323,Brent Harlan,605.5,571.3,34.2,2,THS Steel Challenge presented by TS Customs,19.2,544,605.5,
526,5055,Isaiah Shepherd,605.4,630.4,-25.0,1,2026 Leupold Steel Classic PRS Match,-25.0,545,605.4,
527,3252,Kaden Hawk,605.2,570.2,34.9,5,Foundation Stocks at Twisted Barrel Precision September 19th and 20th 2 day,-25.0,465,630.2,Foundation Stocks at Twisted Barrel Precision September 19th and 20th 2 day
528,534,Richard Tidd,604.9,564.5,40.5,1,2026 Thunder Beast Arms Co King of Coal Canyon,40.5,546,604.9,
529,222,Jabari Jenkins,604.8,567.0,37.8,4,2026 OKIE SHOWDOWN PRESENTED BY FOUNDATION STOCKS,-20.1,486,624.9,2026 Leupold Best In Texas
530,3154,Preston Metzger,604.7,627.2,-22.5,4,K&M Kahles Precision Rifle Competition PRS Pro Series Qualifier,-25.0,475,627.2,2026 MDT FROSTBITE
531,512,Ashton Jones,604.2,556.9,47.3,7,Foundation Stocks at Twisted Barrel Precision September 19th and 20th 2 day,49.3,547,604.2,
532,4981,James Lancaster,604.2,475.6,128.6,4,2026 Federal Gold Medal Match- Pro Series Qualifier,39.7,548,604.2,
533,6610,Caylen Wojcik,603.4,553.4,50.0,1,2026 MDT Barrel Burner at The Lead Farm,50.0,550,603.4,
534,3748,Greg Herbert,602.1,609.6,-7.5,3,2026 Hornady PRC,-17.1,530,609.5,Desert Chaos
535,2185,Joe Stahmer,601.9,500,101.9,6,2026 Impact Foundation PRC,-25.0,533,608.7,2026 Hodgdon Punisher Positional
536,8393,Nick Hartke,601.3,535.0,66.3,4,2026 SAC SIZZLER,9.4,539,606.3,Twisted Barrel Precision Scorcher IV by Leupold
537,8032,Daniel Bergum,600.9,631.4,-30.6,5,SILENT NIGHT presented by SILENCERCO,-7.7,522,611.7,2026 Vortex Vengeance
538,8901,Andrew DeOrnellis,600.6,550,50.6,3,2026 Manners Mayhem,10.4,538,607.0,2026 Leupold Steel Classic PRS Match
539,11983,Arūnas Vrubliauskas,600.6,475.6,125.0,4,Foundation Stocks at Twisted Barrel Precision September 19th and 20th 2 day,-25.0,482,625.6,Foundation Stocks at Twisted Barrel Precision September 19th and 20th 2 day
540,6085,david mayfield,600.5,582.8,17.7,3,2026 Leupold Best In Texas,8.5,524,610.4,2026 Leupold Steel Classic PRS Match
541,12385,Runar Jonsson,600,625,-25,1,Gravestone Cowtown Classic,-25,557,600,
542,6960,Vance Koehn,600,550,50,1,Gunline Shooting Magnolia Madness,50,558,600,
543,32267,Brandon Cronce,600,500,100,2,WI Barrel Maker 2.0,50,559,600,
544,36973,Dillon Johnson,600,500,100,2,WI Barrel Maker 2.0,50,561,600,
545,1170,Daniel Gibbons,600,550,50,1,Foundation Stocks at Twisted Barrel Precision September 19th and 20th 2 day,50,562,600,
546,7558,Sam Kircher,600,550,50,1,Foundation Stocks at Twisted Barrel Precision September 19th and 20th 2 day,50,563,600,
547,3674,Andrew Little,600,550,50,1,Foundation Stocks at Twisted Barrel Precision September 19th and 20th 2 day,50,564,600,
548,7957,Lawrence Barnes,600,550,50,1,Foundation Stocks at Twisted Barrel Precision September 19th and 20th 2 day,50,565,600,
549,1124,Oscar Järvi,600,550,50,1,Foundation Stocks at Twisted Barrel Precision September 19th and 20th 2 day,50,566,600,
550,1418,Josh Martin,600,550,50,1,Foundation Stocks at Twisted Barrel Precision September 19th and 20th 2 day,50,567,600,
551,399,Estelle B,599.8,468.5,131.3,7,2026 West Coast Redemption,39.6,554,600.5,Bullet Central Northern Lights Classic presented by: Bix’n Andy
552,1246,Mark Chindavat,599.4,646.7,-47.2,3,Short Action Customs Steel Challenge,-25.0,515,613.0,Gravestone Cowtown Classic
553,25646,Corey Reynolds,599.4,560.6,38.8,1,WI Barrel Maker 2.0,38.8,568,599.4,
554,7068,Stephen Gaumond,598.6,597.9,0.7,1,2026 Leupold Steel Classic PRS Match,0.7,569,598.6,
555,549,Justin Redd,598.2,648.2,-50.0,2,2026 Clay's Cartridge Co. Classic,-25.0,493,623.2,2026 Leupold Steel Classic PRS Match
556,518,Brandon Sauer,597.5,611.3,-13.7,4,WI Barrel Maker 2.0,-25.0,529,609.8,Twisted Barrel Precision Scorcher IV by Leupold
557,3733,Blaine Richards,597.2,536.1,61.1,2,2026 Hornady PRC,33.8,572,597.2,
558,8392,Matt Saban,596.4,525.9,70.5,2,K&M Kahles Precision Rifle Competition PRS Pro Series Qualifier,20.5,573,596.4,
559,1423,Erik Burow,596.4,538.7,57.7,3,Apex Rocky Mountain Challenge 2026,34.8,574,596.4,
560,2678,Ernst Botha,596.3,500,96.3,3,Pancake Lake Open Presented by Dominion Outdoors,27.5,576,596.3,
561,5494,Casey Baker,596.2,574.6,21.6,1,2026 Hodgdon Punisher Positional,21.6,577,596.2,
562,3248,Lucas Smith,596.1,571.9,24.2,4,2026 Hodgdon Punisher Positional,-25.0,498,621.1,2026 Thunder Beast Arms Co King of Coal Canyon
563,2721,Kurtis Palu,595.9,554.6,41.4,3,2026 Thunder Beast Arms Co King of Coal Canyon,11.0,571,597.7,2026 B&T Ind. LLC Box Canyon Showdown....Suppressors Only!
564,5734,Allen Osborn,595.6,600,-4.4,1,Bullet Central Northern Lights Classic presented by: Bix’n Andy,-4.4,580,595.6,
565,1287,Michael Richards,595.6,620.6,-25.0,1,2026 Impact Foundation PRC,-25.0,581,595.6,
566,8163,Sachin Nataraj,595.5,577.2,18.3,4,W.A.R. Rifles Shootout,3.1,551,602.8,2026 SAC SIZZLER
567,1467,Aaron Cornett,594.8,592.7,2.0,5,Twisted Barrel Precision Scorcher IV by Leupold,-25.0,537,607.1,MPA SPRING SHOOTOUT
568,1430,Nicholas Dykstra,594.7,605.6,-10.9,1,2026 MDT Barrel Burner at The Lead Farm,-10.9,583,594.7,
569,2426,Jake Priest,594.2,475.6,118.6,3,THS Steel Challenge presented by TS Customs,18.6,585,594.2,
570,7592,Casey Hurley,594.1,500,94.1,3,Pancake Lake Open Presented by Dominion Outdoors,-5.9,560,600,Pancake Lake Open Presented by Dominion Outdoors
571,1909,Zach Emmerson,593.6,527.2,66.4,2,WI Barrel Maker 2.0,50.0,586,593.6,
572,9065,Matt Coriaty,593.4,504.8,88.6,2,2026 Peterson Cartridge Challenge,38.6,587,593.4,
573,3868,Justin Landrum,593.3,568.2,25.2,1,Gunline Shooting Magnolia Madness,25.2,589,593.3,
574,8068,Derrick Morgan,593.3,628.3,-35.0,5,W.A.R. Rifles Shootout,-25.0,578,595.9,2026 Vortex Vengeance
575,4960,Patrick Dixon,593.1,511.1,82.0,2,Twisted Barrel Precision Scorcher IV by Leupold,50.0,591,593.1,
576,3116,Daniel Perez,592.8,557.5,35.2,1,2026 MDT Barrel Burner at The Lead Farm,35.2,592,592.8,
577,2567,Bret Rutherford,592.5,596.4,-3.9,1,2026 MDT Barrel Burner at The Lead Farm,-3.9,594,592.5,
578,393,Tyler Schmeling,592.3,475.6,116.7,10,Foundation Stocks at Twisted Barrel Precision September 19th and 20th 2 day,-25.0,508,617.3,2026 West Coast Redemption
579,4417,Matt Meyer,592.2,604.5,-12.4,1,2026 MDT Barrel Burner at The Lead Farm,-12.4,596,592.2,
580,2269,Dawson Keen,591.9,564.5,27.4,3,Foundation Stocks at Twisted Barrel Precision September 19th and 20th 2 day,-11.7,549,603.6,Foundation Stocks at Twisted Barrel Precision September 19th and 20th 2 day
581,7094,Larsen Drake,591.0,377.6,213.4,7,2026 Impact Foundation PRC,-25.0,509,616.0,2026 Impact Foundation PRC
582,7585,David Maher,590.9,595.4,-4.5,2,2026 Koenig-Ruger PRC,13.5,553,601.7,Berger Precision Challenge
583,8674,Jadon Canlas,590.9,500,90.9,2,2026 MDT Midsummer Madness PRS 2-day Pro Series Qualifier,49.8,599,590.9,
584,3701,Julian Purton,590.8,500,90.8,2,Foundation Stocks at Twisted Barrel Precision September 19th and 20th 2 day,50.0,600,590.8,
585,3188,Jojo Bailey,590.5,600,-9.5,4,W.A.R. Rifles Shootout,-22.1,570,597.8,2026 Clinton House Chaos Presented by Vortex
586,1200,Brian Lambert,590.4,647.0,-56.6,3,2026 Southern Iowa Showdown presented by ZEISS,-6.6,552,602.3,Gravestone Cowtown Classic
587,3812,Bj deGroot,590.2,615.2,-25.0,1,2026 Snake River Standoff by Lone Peak,-25.0,603,590.2,
588,6987,Ryan Emberg,589.2,614.2,-25.0,1,2026 MDT FROSTBITE,-25.0,606,589.2,
589,2338,Kurtis Mansfield,588.3,500,88.3,4,Pancake Lake Open Presented by Dominion Outdoors,-12.0,555,600.3,Pancake Lake Open Presented by Dominion Outdoors
590,2918,Chad Thilker,587.6,475.6,112.0,6,2026 Impact Foundation PRC,31.4,611,588.4,Twisted Barrel Precision Scorcher IV by Leupold
591,1306,Tyson Rafferty,587.1,568.1,19.0,2,Short Action Customs Steel Challenge,30.4,595,592.5,2026 MDT Barrel Burner at The Lead Farm
592,13781,Dereck Vonallman,586.8,500,86.8,2,2026 SAC SIZZLER,36.8,617,586.8,
593,8179,Andrew Santheson,586.4,555.5,30.9,1,Sheepdog Showdown,30.9,619,586.4,
594,8394,Cody Hartke,586.1,556.1,30.0,2,2026 SAC SIZZLER,-3.2,605,589.3,2026 SAC SIZZLER
595,11562,Chris Hall,585.3,475.6,109.8,3,Foundation Stocks at Twisted Barrel Precision September 19th and 20th 2 day,50.0,620,585.3,
596,1206,Theodore Roberson,585.3,635.3,-50.0,2,SILENT NIGHT presented by SILENCERCO,-25.0,525,610.3,Bullet Central Northern Lights Classic presented by: Bix’n Andy
597,1266,Perry Thompson,585.2,597.2,-12.1,2,K&M Kahles Precision Rifle Competition PRS Pro Series Qualifier,3.4,614,587.6,A-Team PRC
598,1479,Jeff Hassell,584.9,534.9,50.0,1,2026 Clinton House Chaos Presented by Vortex,50.0,622,584.9,
599,8169,hubert parent,584.8,534.8,50.0,1,Sheepdog Showdown,50.0,623,584.8,
600,6627,Derrick Karsky,584.2,475.6,108.6,3,THS Steel Challenge presented by TS Customs,8.6,626,584.2,
601,4048,Pieter lategan,584.1,475.6,108.6,6,2026 Impact Foundation PRC,50.0,575,596.3,THS Steel Challenge presented by TS Customs
602,4941,Andrew Couchoud,583.4,608.4,-25.0,1,K&M Kahles Precision Rifle Competition PRS Pro Series Qualifier,-25.0,628,583.4,
603,4269,zac miller,583.4,596.2,-12.9,1,2026 Hornady PRC,-12.9,629,583.4,
604,2630,Morgan Witt,583.3,572.3,11.0,2,Short Action Customs Steel Challenge,8.9,630,583.3,
605,8975,Dillon Springer,582.7,532.7,50.0,1,THS Steel Challenge presented by TS Customs,50.0,632,582.7,
606,8897,John Allen,582.5,557.4,25.0,1,2026 B&T Ind. LLC Box Canyon Showdown....Suppressors Only!,25.0,633,582.5,
607,13084,Arron Sides,582.1,600,-17.9,2,Gunline Shooting Magnolia Madness,-25.0,536,607.1,Gunline Shooting Magnolia Madness
608,7002,Eddie Mack,581.9,500,81.9,2,W.A.R. Rifles Shootout,31.9,636,581.9,
609,3350,"Celton Hayden, Jr.",581.4,475.6,105.9,4,2026 Federal Gold Medal Match- Pro Series Qualifier,32.4,631,583.0,A-Team PRC
610,6648,Jamie Bicknese,581.2,475.6,105.6,5,WI Barrel Maker 2.0,-6.7,613,587.8,WI Barrel Maker 2.0
611,3235,Clinton Cantrell,581.1,490.3,90.9,8,Foundation Stocks at Twisted Barrel Precision September 19th and 20th 2 day,50.0,616,586.8,2026 Hodgdon Punisher Positional
612,2350,Creston Glanz,581.0,475.6,105.4,5,SILENT NIGHT presented by SILENCERCO,-2.3,624,584.8,2026 Hornady PRC
613,504,valentina lanotte,580.2,632.5,-52.3,6,Foundation Stocks at Twisted Barrel Precision September 19th and 20th 2 day,-25.0,612,588.2,2026 Snake River Standoff by Lone Peak
614,3200,Fraser Inglis,579.4,585.3,-5.8,2,Pancake Lake Open Presented by Dominion Outdoors,18.7,582,594.7,Bullet Central Northern Lights Classic presented by: Bix’n Andy
615,3175,Raymond mozes,578.9,609.1,-30.2,6,2026 Peterson Cartridge Challenge,-25.0,584,594.4,K&M Kahles Precision Rifle Competition PRS Pro Series Qualifier
616,1824,Easton Baugh,578.7,475.6,103.1,3,Parma Precision Rifle Rumble VIII presented by Burris Optics,29.2,642,578.7,
617,4424,Ryan O'Hara,578.6,475.6,103.1,3,Short Action Customs Steel Challenge,23.0,643,578.6,
618,2980,Matt Trotter,578.4,553.6,24.8,8,2026 Federal Gold Medal Match- Pro Series Qualifier,-25.0,638,580.8,A-Team PRC
619,22447,Kevin Horsley,578.0,541.2,36.9,1,Pigg River Precision H.A.M Presented by Leupold Optics,36.9,646,578.0,
620,944,Leon Weatherby,578.0,556.2,21.8,2,2026 Manners Mayhem,46.8,588,593.4,2026 Southern Iowa Showdown presented by ZEISS
621,10326,Roy Manley,577.4,583.0,-5.6,2,K&M Kahles Precision Rifle Competition PRS Pro Series Qualifier,10.2,639,579.5,A-Team PRC
622,3762,Brandon Russell,577.4,557.1,20.3,1,SAPRL 2026 - Cactus Cup Presented By Lapua - PRS Pro Series (2 Day),20.3,649,577.4,
623,12212,Corey Adamski,577.4,602.4,-25.0,1,2026 Leupold Steel Classic PRS Match,-25.0,650,577.4,
624,2473,Kai LaPlante,576.7,529.1,47.6,3,2026 West Coast Redemption,37.6,641,578.7,2026 MDT Barrel Burner at The Lead Farm
625,122606,Keith Lane,576.6,569.9,6.6,2,2026 Peterson Cartridge Challenge,9.4,647,577.8,Pigg River Precision H.A.M Presented by Leupold Optics
626,1545,Todd Treybal,576.2,523.0,53.2,4,2026 Hodgdon Punisher Positional,23.9,634,582.2,2026 OKIE SHOWDOWN PRESENTED BY FOUNDATION STOCKS
627,6643,Sam Steward,575.6,475.6,100.0,2,Foundation Stocks at Twisted Barrel Precision September 19th and 20th 2 day,50.0,654,575.6,
628,11968,Jake Dunlap,575.6,475.6,100.0,2,Berger Precision Challenge,50.0,656,575.6,
629,9571,Brody Morgan,575.6,475.6,100.0,2,2026 Snake River Standoff by Lone Peak,50.0,659,575.6,
630,5701,Matt Huff,575.6,475.6,100.0,2,Short Action Customs Steel Challenge,50.0,660,575.6,
631,10775,Zane Chapman,575.6,475.6,100.0,2,2026 Vortex Vengeance,50.0,661,575.6,
632,3246,Shawn Batten,575.4,546.4,29.0,5,Foundation Stocks at Twisted Barrel Precision September 19th and 20th 2 day,7.9,663,575.4,
633,386,Kenny Oani,575.3,502.7,72.6,3,2026 West Coast Redemption,22.5,664,575.3,
634,8287,Chris Cash,575.2,678.4,-103.2,7,2026 Impact Foundation PRC,-15.8,651,576.0,Gravestone Cowtown Classic
635,3443,Buster Volmer,575.1,536.5,38.6,4,Pancake Lake Open Presented by Dominion Outdoors,-25.0,556,600.1,Pancake Lake Open Presented by Dominion Outdoors
636,8968,Josh Cluff,575,600,-25,1,THS Steel Challenge presented by TS Customs,-25,666,575,
637,5076,Robbie Tubbs,574.7,524.7,50.0,1,Twisted Barrel Precision Scorcher IV by Leupold,50.0,668,574.7,
638,4719,Chase Marshall,574.5,500,74.5,2,2026 Impact Foundation PRC,24.5,669,574.5,
639,1767,Christopher Forrest,574.5,545.5,29.0,1,2026 MDT Barrel Burner at The Lead Farm,29.0,670,574.5,
640,3742,Matthew Leavitt,574.3,524.3,50.0,1,2026 Hornady PRC,50.0,671,574.3,
641,7980,Brandon Vandevender,574.1,475.6,98.6,2,2026 West Coast Redemption,50.0,674,574.1,
642,747,Mike Dahlberg,574.0,508.3,65.6,3,2026 West Coast Redemption,48.8,635,581.9,Short Action Customs Steel Challenge
643,1276,Christopher Gobeli,573.8,525,48.8,3,WI Barrel Maker 2.0,31.6,640,578.9,K&M Kahles Precision Rifle Competition PRS Pro Series Qualifier
644,1352,Bryan Walden,573.7,598.7,-25.0,1,A-Team PRC,-25.0,677,573.7,
645,7440,Shane WILKINSON,573.6,537.6,36.1,1,2026 Hornady PRC,36.1,679,573.6,
646,13690,Cayden Schoen,572.8,475.6,97.3,5,WI Barrel Maker 2.0,13.6,627,583.8,Bullet Central Northern Lights Classic presented by: Bix’n Andy
647,1891,Ryan Hey,572.6,535.1,37.6,5,Pigg River Precision H.A.M Presented by Leupold Optics,-25.0,621,585.1,Gravestone Cowtown Classic
648,3514,jeff pobanz,572.1,552.0,20.2,6,WI Barrel Maker 2.0,19.4,665,575.1,2026 Leupold Steel Classic PRS Match
649,2920,Jeremy Henner,572.1,565.9,6.2,5,2026 Peterson Cartridge Challenge,10.8,648,577.4,2026 Leupold Steel Classic PRS Match
650,3872,Wade Upshaw,571.9,475.6,96.4,3,2026 Impact Foundation PRC,50.0,658,575.6,Gunline Shooting Magnolia Madness
651,4925,Jamie Surrett,571.8,512.5,59.3,5,2026 Federal Gold Medal Match- Pro Series Qualifier,26.6,653,575.9,A-Team PRC
652,11177,Tyler Nemes,570.7,550,20.7,3,2026 Thunder Beast Arms Co King of Coal Canyon,-25.0,579,595.7,2026 Thunder Beast Arms Co King of Coal Canyon
653,1424,Cooper Dickey,570.0,595.0,-25.0,1,2026 B&T Ind. LLC Box Canyon Showdown....Suppressors Only!,-25.0,689,570.0,
654,1536,Jason Baars,569.8,511.0,58.9,3,2026 Vortex Vengeance,20.1,683,572.6,2026 MDT FROSTBITE
655,11176,Jacob Nauman,569.8,594.8,-25.0,1,MPA SPRING SHOOTOUT,-25.0,692,569.8,
656,808,Arthur Berube,569.4,489.7,79.7,2,Short Action Customs Steel Challenge,29.7,695,569.4,
657,12777,David Schuette,569.1,475.6,93.6,5,2026 Federal Gold Medal Match- Pro Series Qualifier,11.7,680,573.3,A-Team PRC
658,751,Jonathan Packard,569.0,565.5,3.5,2,2026 SAC SIZZLER,9.3,687,571.6,Berger Precision Challenge
659,5293,James Rowe,568.8,593.8,-25.0,1,2026 West Coast Redemption,-25.0,697,568.8,
660,8046,DJ Springstead,568.6,518.6,50.0,1,2026 Vortex Vengeance,50.0,700,568.6,
661,2481,Rudy Velazquez,568.3,528.3,40.0,1,Short Action Customs Steel Challenge,40.0,702,568.3,
662,1598,Nicholas Charette,568.3,475.6,92.7,7,2026 West Coast Redemption,-25.0,590,593.3,WI Barrel Maker 2.0
663,1644,Loren Burgess,567.8,517.8,50.0,1,2026 West Coast Redemption,50.0,706,567.8,
664,527,Javier Menor,567.7,542.7,25.0,2,2026 Impact Foundation PRC,50.0,593,592.7,2026 MDT Barrel Burner at The Lead Farm
665,665,David Wheeler,567.7,564.5,3.2,3,Twisted Barrel Precision Scorcher IV by Leupold,28.1,690,569.9,2026 Vortex Vengeance
666,119319,Logan Parratt,567.6,500,67.6,3,Apex Rocky Mountain Challenge 2026,50.0,688,570.7,SAPRL 2026 - Cactus Cup Presented By Lapua - PRS Pro Series (2 Day)
667,1899,Chance Torres,567.6,592.6,-25.0,1,Berger Precision Challenge,-25.0,707,567.6,
668,7456,Russ Orn,567.5,525,42.5,3,2026 Koenig-Ruger PRC,42.1,637,581.6,Desert Chaos
669,3458,Scott Anderson,567.3,528.9,38.4,6,WI Barrel Maker 2.0,-25.0,694,569.5,2026 Southern Iowa Showdown presented by ZEISS
670,1324,Ryan Friesth,567.0,609.7,-42.7,6,SILENT NIGHT presented by SILENCERCO,-25.0,675,573.9,2026 B&T Ind. LLC Box Canyon Showdown....Suppressors Only!
671,789,Dustin Holzworth,567.0,523.6,43.3,4,WI Barrel Maker 2.0,-6.8,678,573.7,THS Steel Challenge presented by TS Customs
672,1913,Eric Nguyen,566.9,611.3,-44.4,2,2026 Impact Foundation PRC,-25.0,597,591.9,2026 Impact Foundation PRC
673,1435,Eric Kilhefner,566.8,499.8,67.1,4,W.A.R. Rifles Shootout,-3.0,691,569.8,W.A.R. Rifles Shootout
674,9061,Joseph Salah,566.7,554.2,12.6,5,WI Barrel Maker 2.0,-25.0,598,591.7,WI Barrel Maker 2.0
675,3847,colin leblanc,566.4,475.6,90.8,5,2026 Impact Foundation PRC,17.3,699,568.6,2026 Leupold Steel Classic PRS Match
676,1414,Alan smith,565.7,615.7,-50.0,2,2026 Peterson Cartridge Challenge,-25.0,601,590.7,2026 SAC SIZZLER
677,559,Jason Birrenkott,565.2,550.2,15.1,2,Bullet Central Northern Lights Classic presented by: Bix’n Andy,-25.0,602,590.2,Bullet Central Northern Lights Classic presented by: Bix’n Andy
678,4874,John Penner,565.2,500,65.2,2,Apex Rocky Mountain Challenge 2026,50.0,714,565.2,
679,2253,Adam Walker,565.1,515.1,50.0,1,MPA SPRING SHOOTOUT,50.0,716,565.1,
680,38103,Klinton Hirschi,565.1,475.6,89.5,2,2026 Hornady PRC,39.5,717,565.1,
681,3826,Shaun Hill,565.1,589.1,-24.0,3,2026 Manners Mayhem,-25.0,604,590.1,2026 Manners Mayhem
682,6605,Samuel Kimura,564.8,511.0,53.7,3,2026 West Coast Redemption,7.7,711,566.1,Short Action Customs Steel Challenge
683,4742,Tanner Cox,564.8,514.8,50.0,1,2026 Leupold Steel Classic PRS Match,50.0,719,564.8,
684,5438,Philip Decker,564.7,514.7,50.0,1,2026 West Coast Redemption,50.0,720,564.7,
685,1261,Andrew Rixon,564.7,550,14.7,1,2026 Alpha-Munitions Nut Crusher,14.7,721,564.7,
686,528,Chuck Case,564.6,453.8,110.8,9,Foundation Stocks at Twisted Barrel Precision September 19th and 20th 2 day,31.9,722,564.6,
687,25313,Zac Scheglowski,564.6,514.6,50.0,1,2026 SAC SIZZLER,50.0,723,564.6,
688,9077,Scott Satterlee,564.6,525,39.6,4,2026 MDT Midsummer Madness PRS 2-day Pro Series Qualifier,50.0,686,571.7,2026 MDT Barrel Burner at The Lead Farm
689,3565,Clayton Anderson,564.2,614.2,-50.0,2,THS Steel Challenge presented by TS Customs,-25.0,607,589.2,2026 Southern Iowa Showdown presented by ZEISS
690,11963,Rob Schumske,564.2,489.2,75.0,3,2026 Leupold Best In Texas,50.0,608,589.2,Gravestone Cowtown Classic
691,8969,Taylor Crabtree,564.1,542.6,21.4,7,2026 Impact Foundation PRC,-25.0,609,589.1,Twisted Barrel Precision Scorcher IV by Leupold
692,121044,Lewie Smith,564.0,522.4,41.6,3,2026 Hornady PRC,15.2,724,564.2,Parma Precision Rifle Rumble VIII presented by Burris Optics
693,13888,Daniel Herrin,563.9,475.6,88.3,4,WI Barrel Maker 2.0,50.0,701,568.4,2026 Southern Iowa Showdown presented by ZEISS
694,1149,Kenneth Mccarthy,563.8,574.9,-11.1,2,K&M Kahles Precision Rifle Competition PRS Pro Series Qualifier,13.9,710,566.5,Gunline Shooting Magnolia Madness
695,9950,Riley Underwood,563.8,475.6,88.2,7,Foundation Stocks at Twisted Barrel Precision September 19th and 20th 2 day,-25.0,610,588.8,Foundation Stocks at Twisted Barrel Precision September 19th and 20th 2 day
696,10749,Paul Tobias,563.8,581.6,-17.8,1,MPA SPRING SHOOTOUT,-17.8,727,563.8,
697,24270,Paul Martin,563.7,588.7,-25.0,1,Gravestone Cowtown Classic,-25.0,729,563.7,
698,921,Rene Ardoin,563.4,537.6,25.9,2,Gunline Shooting Magnolia Madness,5.9,730,563.4,
699,4832,Dustin Helten,563.2,475.6,87.7,3,WI Barrel Maker 2.0,37.0,731,563.2,
700,5122,Griffin Batt,563.2,475.6,87.6,4,Apex Rocky Mountain Challenge 2026,49.4,712,565.7,2026 Snake River Standoff by Lone Peak
701,37773,Adam Tanner,562.9,500,62.9,3,2026 West Coast Redemption,5.4,732,562.9,
702,122331,Gordon Novak,562.8,475.6,87.2,3,2026 SAC SIZZLER,50.0,662,575.6,2026 Clinton House Chaos Presented by Vortex
703,9050,Darin DeNoble,562.7,500,62.7,2,2026 West Coast Redemption,35.5,733,562.7,
704,8383,Nathan Markon,562.2,475.6,86.6,3,WI Barrel Maker 2.0,50.0,736,562.2,
705,1162,Michelle Kutcher,562.1,606.8,-44.6,5,WI Barrel Maker 2.0,14.3,709,566.8,Gravestone Cowtown Classic
706,330,Anthony Wychules,562.0,544.1,17.9,8,2026 West Coast Redemption,30.9,735,562.3,Gravestone Cowtown Classic
707,4738,John Hoolihan,562.0,587.0,-25.0,1,Gravestone Cowtown Classic,-25.0,737,562.0,
708,746,Dustin Tawatao,561.9,541.3,20.5,3,2026 West Coast Redemption,-4.5,693,569.7,2026 Koenig-Ruger PRC
709,2142,Symon Teasdale,561.9,580.5,-18.7,4,2026 Thunder Beast Arms Co King of Coal Canyon,-25.0,615,586.9,2026 Thunder Beast Arms Co King of Coal Canyon
710,547,Teran Cozad,561.8,501.9,59.9,6,WI Barrel Maker 2.0,-25.0,618,586.8,2026 Hodgdon Punisher Positional
711,3479,Jeff Biekert,561.2,521.7,39.5,5,2026 West Coast Redemption,-14.8,652,576.0,2026 West Coast Redemption
712,1964,Randal Garrett,560.6,510.6,50.0,1,2026 Leupold Best In Texas,50.0,739,560.6,
713,3730,Don Coatney,560.5,475.6,84.9,7,2026 Alpha-Munitions Nut Crusher,33.6,681,573.1,2026 Clay's Cartridge Co. Classic
714,1154,Jonathan Gurley,559.6,541.5,18.1,4,2026 West Coast Redemption,23.7,703,568.3,Pigg River Precision H.A.M Presented by Leupold Optics
715,4964,Zachary Hamrick,559.6,490.2,69.4,3,K&M Kahles Precision Rifle Competition PRS Pro Series Qualifier,50.0,718,564.8,A-Team PRC
716,1774,Mason Mcneill,559.4,484.4,75.0,3,2026 Hornady PRC,50.0,625,584.4,Desert Chaos
717,8358,Rudy Pyle,559.4,499.3,60.1,2,2026 SAC SIZZLER,26.6,743,559.4,
718,38246,Reid Witt,559.1,475.6,83.6,2,2026 Impact Foundation PRC,50.0,745,559.1,
719,1543,Joshua Smith,559.1,584.1,-25.0,1,Gunline Shooting Magnolia Madness,-25.0,746,559.1,
720,37593,Justin Peters,558.2,475.6,82.7,3,Apex Rocky Mountain Challenge 2026,50.0,685,571.9,2026 Southern Iowa Showdown presented by ZEISS
721,6972,Ryan Hebel,558.2,525,33.2,2,W.A.R. Rifles Shootout,-16.8,667,575,W.A.R. Rifles Shootout
722,2174,Sean O'Connor,557.7,475.6,82.2,4,2026 Hornady PRC,19.7,748,557.7,
723,10657,CHAD CANTRELL,557.6,535.9,21.7,1,Gunline Shooting Magnolia Madness,21.7,749,557.6,
724,1235,Shawn Anderson,557.5,517.6,39.9,3,Pancake Lake Open Presented by Dominion Outdoors,31.5,725,563.9,THS Steel Challenge presented by TS Customs
725,10764,Kirk Whittle,557.0,553.9,3.1,1,Pigg River Precision H.A.M Presented by Leupold Optics,3.1,751,557.0,
726,3381,Ben Mcilwaine,556.9,506.9,50.0,1,Foundation Stocks at Twisted Barrel Precision September 19th and 20th 2 day,50.0,752,556.9,
727,2905,Adam Bach,556.8,525.1,31.7,2,Apex Rocky Mountain Challenge 2026,13.6,753,556.8,
728,806,Joel Schneider,556.2,521.0,35.2,2,Apex Rocky Mountain Challenge 2026,22.5,755,556.2,
729,10323,Patrick Seader,555.6,554.0,1.6,1,2026 Federal Gold Medal Match- Pro Series Qualifier,1.6,760,555.6,
730,1244,Tom Theis,555.0,506.6,48.5,2,Bullet Central Northern Lights Classic presented by: Bix’n Andy,27.3,762,555.0,
731,456,Justin Runion,554.8,475.6,79.3,4,2026 SAC SIZZLER,-9.1,726,563.9,2026 SAC SIZZLER
732,12649,Ken Lin,554.6,579.6,-25.0,1,Berger Precision Challenge,-25.0,763,554.6,
733,7091,Brad Oswald,554.2,475.6,78.7,3,SILENT NIGHT presented by SILENCERCO,-1.8,757,556.0,SILENT NIGHT presented by SILENCERCO
734,11161,Jordan Hamernik,554.2,550,4.2,2,2026 Federal Gold Medal Match- Pro Series Qualifier,-15.0,696,569.2,2026 Federal Gold Medal Match- Pro Series Qualifier
735,2927,James Cowhy,554.1,567.5,-13.4,3,2026 Vortex Vengeance,21.1,741,560.0,2026 MDT FROSTBITE
736,27369,Jacob Schneidewent,554.1,571.7,-17.6,1,WI Barrel Maker 2.0,-17.6,765,554.1,
737,10773,Samuel Ferris,554.0,500,54.0,2,W.A.R. Rifles Shootout,39.7,767,554.0,
738,1160,Travis Conwell,554.0,418.4,135.6,3,WI Barrel Maker 2.0,35.6,768,554.0,
739,9309,Mike Harmon,553.9,564.4,-10.5,1,2026 B&T Ind. LLC Box Canyon Showdown....Suppressors Only!,-10.5,769,553.9,
740,7408,Bobby Petrus,553.7,475.6,78.1,13,Foundation Stocks at Twisted Barrel Precision September 19th and 20th 2 day,44.3,772,553.7,
741,2278,Donald Massong,553.5,478.5,75.0,3,Apex Rocky Mountain Challenge 2026,50.0,644,578.5,Gravestone Cowtown Classic
742,513,Roderick Riley,553.4,603.4,-50.0,2,2026 Leupold Steel Classic PRS Match,-25.0,645,578.4,Gravestone Cowtown Classic
743,12183,Tevis Smith,553.3,475.6,77.7,4,2026 Federal Gold Medal Match- Pro Series Qualifier,22.6,761,555.6,2026 SAC SIZZLER
744,4749,Adi Khindaria,553.0,558.4,-5.4,10,Foundation Stocks at Twisted Barrel Precision September 19th and 20th 2 day,-25.0,764,554.2,MPA SPRING SHOOTOUT
745,1345,Jayden Jung,552.8,525,27.8,1,Short Action Customs Steel Challenge,27.8,775,552.8,
746,1557,Corbin Kirkman,552.2,515.0,37.2,1,Short Action Customs Steel Challenge,37.2,779,552.2,
747,8698,Eugene Fraenkel,552.0,475.6,76.4,3,2026 Hodgdon Punisher Positional,50.0,780,552.0,
748,10655,Christopher Hill,551.5,513.3,38.2,6,Foundation Stocks at Twisted Barrel Precision September 19th and 20th 2 day,-25.0,734,562.5,2026 Impact Foundation PRC
749,121286,andrew huggins,551.5,550,1.5,1,Pigg River Precision H.A.M Presented by Leupold Optics,1.5,783,551.5,
750,2548,Peter Chhuom,551.3,539.1,12.1,2,Short Action Customs Steel Challenge,-23.0,672,574.3,Short Action Customs Steel Challenge
751,2178,paul watson,551.2,548.5,2.8,1,THS Steel Challenge presented by TS Customs,2.8,784,551.2,
752,4950,Melissa Gilliland,551.2,527.4,23.8,2,2026 Federal Gold Medal Match- Pro Series Qualifier,29.4,771,553.8,2026 Manners Mayhem
753,4747,Stephen Smith,551.0,573.9,-22.9,1,2026 OKIE SHOWDOWN PRESENTED BY FOUNDATION STOCKS,-22.9,786,551.0,
754,3315,Brian Thoman,550.8,534.0,16.8,1,2026 Thunder Beast Arms Co King of Coal Canyon,16.8,787,550.8,
755,121532,Alexander Ritchie,550.7,563.9,-13.2,1,2026 Thunder Beast Arms Co King of Coal Canyon,-13.2,788,550.7,
756,12164,Robert Todd,550.6,475.6,75.0,3,2026 Thunder Beast Arms Co King of Coal Canyon,-25.0,655,575.6,2026 Thunder Beast Arms Co King of Coal Canyon
757,6073,Thomas Bragg,550.6,475.6,75.0,3,2026 Leupold Best In Texas,50.0,657,575.6,2026 Leupold Steel Classic PRS Match
758,2925,Daniel Bokros,550.5,545.1,5.4,5,2026 Peterson Cartridge Challenge,17.2,777,552.6,2026 Vortex Vengeance
759,7665,Jeff Weis,550.5,527.3,23.2,3,2026 Manners Mayhem,28.5,766,554.0,2026 Clay's Cartridge Co. Classic
760,5180,Nathan Toungate,550,500,50,1,Gunline Shooting Magnolia Madness,50,792,550,
761,2590,Ronald Frostad,550,500,50,1,Short Action Customs Steel Challenge,50,793,550,
762,1517,David Wiese,550,500,50,1,2026 Leupold Best In Texas,50,794,550,
763,2061,Tony Franklin,550,500,50,1,K&M Kahles Precision Rifle Competition PRS Pro Series Qualifier,50,796,550,
764,5172,Hunter Gustafson,550,500,50,1,2026 Thunder Beast Arms Co King of Coal Canyon,50,797,550,
765,2542,Jeremy Valdetero,550,500,50,1,2026 Thunder Beast Arms Co King of Coal Canyon,50,798,550,
766,2482,Matt Akre,550,500,50,1,2026 Thunder Beast Arms Co King of Coal Canyon,50,799,550,
767,3900,Jared Marshall,550,500,50,1,2026 Thunder Beast Arms Co King of Coal Canyon,50,800,550,
768,4852,Jeff Baron,550,500,50,1,SAPRL 2026 - Cactus Cup Presented By Lapua - PRS Pro Series (2 Day),50,801,550,
769,37470,Jordan Pruitt,550,500,50,1,Pigg River Precision H.A.M Presented by Leupold Optics,50,802,550,
770,8699,Jacob Atkinson,550,500,50,1,2026 Hodgdon Punisher Positional,50,804,550,
771,8606,Johan Nel,550,500,50,1,2026 Hornady PRC,50,806,550,
772,10681,Randy Barrett,550,500,50,1,2026 Hornady PRC,50,807,550,
773,129276,Hunter Larson,550,500,50,1,2026 Hornady PRC,50,808,550,
774,7453,Tom Beckstrand,550,575,-25,1,2026 Hornady PRC,-25,809,550,
775,11158,Kate Estes,550,500,50,1,Twisted Barrel Precision Scorcher IV by Leupold,50,810,550,
776,37135,Austin Crowe,550,500,50,1,Twisted Barrel Precision Scorcher IV by Leupold,50,812,550,
777,2647,Scott Cross,550,500,50,1,Apex Rocky Mountain Challenge 2026,50,813,550,
778,4395,Michael Olson,550,500,50,1,THS Steel Challenge presented by TS Customs,50,814,550,
779,5380,Brody Oldfield,550,500,50,1,THS Steel Challenge presented by TS Customs,50,815,550,
780,119979,LeRiche Coetzer,550,500,50,1,THS Steel Challenge presented by TS Customs,50,816,550,
781,9434,Marc-etienne Poulin,550,500,50,1,Sheepdog Showdown,50,817,550,
782,8183,De’Von St Cyr,550,500,50,1,Sheepdog Showdown,50,818,550,
783,5837,Josh Brown,550,500,50,1,2026 SAC SIZZLER,50,819,550,
784,3623,Travis Hildebrand,550,500,50,1,Pancake Lake Open Presented by Dominion Outdoors,50,820,550,
785,119174,Chad Woods,550,500,50,1,SILENT NIGHT presented by SILENCERCO,50,821,550,
786,8078,Pierce Morgan,550,500,50,1,2026 Peterson Cartridge Challenge,50,822,550,
787,10390,Justin Miller,550,500,50,1,2026 Peterson Cartridge Challenge,50,823,550,
788,795,Jason Mendez,550,500,50,1,2026 Manners Mayhem,50,825,550,
789,3654,Brandon Dohms,550,500,50,1,WI Barrel Maker 2.0,50,826,550,
790,37139,Brandon Kloss,550,500,50,1,WI Barrel Maker 2.0,50,827,550,
791,125556,Rob Miroslaw,550,500,50,1,WI Barrel Maker 2.0,50,828,550,
792,37529,Dean Long,550,500,50,1,WI Barrel Maker 2.0,50,829,550,
793,120158,Jake Flies,550,500,50,1,2026 Impact Foundation PRC,50,830,550,
794,36349,JOSE TABERNER MAS,550,500,50,1,2026 Impact Foundation PRC,50,831,550,
795,9459,Dawson Arnett,550,500,50,1,2026 Impact Foundation PRC,50,832,550,
796,1197,Taylor Moulton,550,500,50,1,2026 West Coast Redemption,50,833,550,
797,759,JD Elliott,550,500,50,1,2026 West Coast Redemption,50,834,550,
798,10953,Josh Maynard,550,500,50,1,Foundation Stocks at Twisted Barrel Precision September 19th and 20th 2 day,50,835,550,
799,128010,Dirk Sauber,550,500,50,1,Foundation Stocks at Twisted Barrel Precision September 19th and 20th 2 day,50,836,550,
800,129639,Adam Jernström,550,500,50,1,Foundation Stocks at Twisted Barrel Precision September 19th and 20th 2 day,50,837,550,
801,130772,Michael Barlow,550,500,50,1,Foundation Stocks at Twisted Barrel Precision September 19th and 20th 2 day,50,838,550,
802,8665,Terblanche de Jager,550,500,50,1,Foundation Stocks at Twisted Barrel Precision September 19th and 20th 2 day,50,839,550,
803,3670,Aron Hyde,550,500,50,1,Foundation Stocks at Twisted Barrel Precision September 19th and 20th 2 day,50,840,550,
804,11981,Joakim Stigenberg,550,500,50,1,Foundation Stocks at Twisted Barrel Precision September 19th and 20th 2 day,50,841,550,
805,131440,Keiran Mans,550,500,50,1,Foundation Stocks at Twisted Barrel Precision September 19th and 20th 2 day,50,842,550,
806,3711,WEI LI,550,500,50,1,Foundation Stocks at Twisted Barrel Precision September 19th and 20th 2 day,50,843,550,
807,1256,David Foster,550,500,50,1,Foundation Stocks at Twisted Barrel Precision September 19th and 20th 2 day,50,844,550,
808,4142,Etienne de Waal,550,500,50,1,Foundation Stocks at Twisted Barrel Precision September 19th and 20th 2 day,50,845,550,
809,7559,Nicholas Schaw,550,500,50,1,Foundation Stocks at Twisted Barrel Precision September 19th and 20th 2 day,50,846,550,
810,8879,Izzi Wright,550,500,50,1,Foundation Stocks at Twisted Barrel Precision September 19th and 20th 2 day,50,847,550,
811,10572,Mark Ludemann,550,500,50,1,Foundation Stocks at Twisted Barrel Precision September 19th and 20th 2 day,50,848,550,
812,128014,Patrick Capes,550,500,50,1,Foundation Stocks at Twisted Barrel Precision September 19th and 20th 2 day,50,849,550,
813,5131,Campbell Guiney,550,500,50,1,Foundation Stocks at Twisted Barrel Precision September 19th and 20th 2 day,50,850,550,
814,10960,Owen Trowbridge,550,500,50,1,Foundation Stocks at Twisted Barrel Precision September 19th and 20th 2 day,50,851,550,
815,4248,Willem Van Biljon,550,500,50,1,Foundation Stocks at Twisted Barrel Precision September 19th and 20th 2 day,50,852,550,
816,4272,Josh Williamson,550,500,50,1,Foundation Stocks at Twisted Barrel Precision September 19th and 20th 2 day,50,853,550,
817,4768,JC Robertson,550,500,50,1,Foundation Stocks at Twisted Barrel Precision September 19th and 20th 2 day,50,854,550,
818,12090,ivan o neill,550,500,50,1,Foundation Stocks at Twisted Barrel Precision September 19th and 20th 2 day,50,855,550,
819,8310,Shane Conlon,550,500,50,1,Foundation Stocks at Twisted Barrel Precision September 19th and 20th 2 day,50,856,550,
820,25499,Griffin Welch,549.9,550,-0.1,1,2026 Vortex Vengeance,-0.1,858,549.9,
821,2228,gary page,549.7,574.7,-25.0,1,Gunline Shooting Magnolia Madness,-25.0,860,549.7,
822,2285,Tanner Dupperon,549.5,500,49.5,2,Apex Rocky Mountain Challenge 2026,26.3,861,549.5,
823,3174,michael su,549.3,488.3,61.0,2,2026 Vortex Vengeance,50.0,862,549.3,
824,1447,joshua Thrasher,549.3,624.3,-75.0,3,Sheepdog Showdown,-25.0,673,574.3,2026 Clinton House Chaos Presented by Vortex
825,3251,Wade Stuteville,549.2,572.2,-22.9,1,2026 Hornady PRC,-22.9,864,549.2,
826,8123,JAMES GRESHAM,549.2,574.2,-25.0,1,Twisted Barrel Precision Scorcher IV by Leupold,-25.0,865,549.2,
827,719,Kelby Hammar,549.2,478.6,70.6,4,Pancake Lake Open Presented by Dominion Outdoors,2.6,785,551.2,2026 Leupold Steel Classic PRS Match
828,2675,Graham Harder,549.2,500,49.2,1,SAPRL 2026 - Cactus Cup Presented By Lapua - PRS Pro Series (2 Day),49.2,866,549.2,
829,1902,Thorin Carr,549.1,557.7,-8.5,3,2026 Koenig-Ruger PRC,20.7,759,555.6,Berger Precision Challenge
830,4515,Q Reynolds,549.1,475.6,73.5,2,2026 Hornady PRC,23.5,867,549.1,
831,25718,Brian Bellon,549.0,574.0,-25.0,1,2026 Thunder Beast Arms Co King of Coal Canyon,-25.0,868,549.0,
832,13756,Blake Bunch,549.0,500,49.0,1,SILENT NIGHT presented by SILENCERCO,49.0,869,549.0,
833,6380,KENNETH COX,548.9,500,48.9,3,Apex Rocky Mountain Challenge 2026,50.0,776,552.7,SAPRL 2026 - Cactus Cup Presented By Lapua - PRS Pro Series (2 Day)
834,6600,Dillan Ericksan,548.9,475.6,73.4,3,K&M Kahles Precision Rifle Competition PRS Pro Series Qualifier,-25.0,676,573.9,K&M Kahles Precision Rifle Competition PRS Pro Series Qualifier
835,38516,Martin Gagnon,548.6,500,48.6,1,Sheepdog Showdown,48.6,872,548.6,
836,17623,Mike Souza,548.4,523.4,25.0,2,Pigg River Precision H.A.M Presented by Leupold Optics,50.0,713,565.2,K&M Kahles Precision Rifle Competition PRS Pro Series Qualifier
837,1340,Blake Taylor,548.1,508.3,39.7,3,2026 Federal Gold Medal Match- Pro Series Qualifier,2.1,773,553.6,Twisted Barrel Precision Scorcher IV by Leupold
838,1456,Jamie Burkholder,547.9,544.0,3.8,2,Gunline Shooting Magnolia Madness,-25.0,682,572.9,Gunline Shooting Magnolia Madness
839,4907,Maarten Van Ruitenburg,547.7,497.3,50.5,3,Apex Rocky Mountain Challenge 2026,50.0,715,565.1,2026 MDT Midsummer Madness PRS 2-day Pro Series Qualifier
840,3860,Zach Washington,547.4,528.5,18.9,3,Foundation Stocks at Twisted Barrel Precision September 19th and 20th 2 day,-25.0,684,572.4,Foundation Stocks at Twisted Barrel Precision September 19th and 20th 2 day
841,507,Kerry Brooks,547.4,499.8,47.5,6,Foundation Stocks at Twisted Barrel Precision September 19th and 20th 2 day,50.0,791,550.3,A-Team PRC
842,38627,Lucas Cornish,547.2,500,47.2,1,2026 Hornady PRC,47.2,876,547.2,
843,5472,Tony Rivera,547.2,500,47.2,1,2026 Manners Mayhem,47.2,877,547.2,
844,9746,Marcus Lidman,546.8,500,46.8,1,Foundation Stocks at Twisted Barrel Precision September 19th and 20th 2 day,46.8,879,546.8,
845,748,Alex Sherwood,546.6,500,46.6,1,2026 MDT Midsummer Madness PRS 2-day Pro Series Qualifier,46.6,880,546.6,
846,1208,BART KALATA,546.5,558.8,-12.2,5,2026 Peterson Cartridge Challenge,-6.1,878,546.8,Gravestone Cowtown Classic
847,2654,Chris Palmer,546.1,475.6,70.5,5,Foundation Stocks at Twisted Barrel Precision September 19th and 20th 2 day,-25.0,789,550.6,Gravestone Cowtown Classic
848,3662,Delbert Shaw,545.1,500,45.1,2,Apex Rocky Mountain Challenge 2026,15.9,888,545.1,
849,36868,Andreas Max,544.8,500,44.8,1,Foundation Stocks at Twisted Barrel Precision September 19th and 20th 2 day,44.8,889,544.8,
850,462,John Mason,544.6,494.6,50.0,1,2026 Federal Gold Medal Match- Pro Series Qualifier,50.0,890,544.6,
851,4746,todd moore,544.6,452.3,92.3,3,Foundation Stocks at Twisted Barrel Precision September 19th and 20th 2 day,50.0,778,552.3,2026 Manners Mayhem
852,5579,adam carpenter,544.5,506.8,37.7,2,THS Steel Challenge presented by TS Customs,35.6,891,544.5,
853,3445,Evan Orchard,544.4,500,44.4,2,Pancake Lake Open Presented by Dominion Outdoors,-0.8,887,545.2,Pancake Lake Open Presented by Dominion Outdoors
854,4962,Bryan Jones,544.2,501.2,43.0,1,A-Team PRC,43.0,892,544.2,
855,14012,Dusty Brixner,544.1,569.1,-25.0,1,2026 Thunder Beast Arms Co King of Coal Canyon,-25.0,894,544.1,
856,3528,Nathan LaBorde,544.1,478.2,65.9,2,WI Barrel Maker 2.0,15.9,895,544.1,
857,1003,Matthew ONeal,543.8,593.8,-50.0,2,2026 Hornady PRC,-25.0,698,568.8,2026 Snake River Standoff by Lone Peak
858,2680,Jordan Wolfe,543.6,500,43.6,3,Apex Rocky Mountain Challenge 2026,-15.6,744,559.2,Apex Rocky Mountain Challenge 2026
859,8020,Bradley Ash,543.4,573.6,-30.2,2,2026 Clinton House Chaos Presented by Vortex,-5.2,758,555.8,A-Team PRC
860,1538,Ted Miernicki,543.3,555.9,-12.6,1,2026 Alpha-Munitions Nut Crusher,-12.6,900,543.3,
861,20531,julian norman,543.2,500,43.2,1,2026 Manners Mayhem,43.2,901,543.2,
862,7092,Steve Akard,543.0,555.7,-12.7,2,2026 Hornady PRC,-25.0,704,568.0,2026 Hornady PRC
863,26706,Bob Dana,543.0,471.6,71.4,3,2026 Leupold Best In Texas,46.4,870,548.9,Gravestone Cowtown Classic
864,2223,Rylan M,542.9,549.6,-6.7,2,Short Action Customs Steel Challenge,-25.0,705,567.9,Short Action Customs Steel Challenge
865,26063,Steven Schoiber,542.5,554.3,-11.9,1,2026 Leupold Steel Classic PRS Match,-11.9,904,542.5,
866,338,Ryell Masood,542.5,567.5,-25.0,1,2026 West Coast Redemption,-25.0,905,542.5,
867,4753,Austin Jameson,542.3,475.6,66.8,3,Foundation Stocks at Twisted Barrel Precision September 19th and 20th 2 day,-11.5,770,553.9,Foundation Stocks at Twisted Barrel Precision September 19th and 20th 2 day
868,1602,Bryon Curnutt,542.3,550,-7.7,1,2026 Hornady PRC,-7.7,907,542.3,
869,5483,Gary Salmans,542.0,567.0,-25.0,4,2026 Hodgdon Punisher Positional,50.0,708,567.0,2026 B&T Ind. LLC Box Canyon Showdown....Suppressors Only!
870,6779,Chet Mathews,541.5,475.6,66.0,4,2026 Hornady PRC,14.0,908,541.5,
871,7244,Shawn Probe,541.5,500,41.5,2,Pancake Lake Open Presented by Dominion Outdoors,40.3,909,541.5,
872,2760,Noah Weyandt,541.2,534.9,6.3,2,2026 Manners Mayhem,31.3,754,556.5,2026 Southern Iowa Showdown presented by ZEISS
873,12023,Chris Wolf,541.2,500,41.2,1,2026 Manners Mayhem,41.2,911,541.2,
874,8120,Jared Gaston,540.8,565.8,-25.0,1,Twisted Barrel Precision Scorcher IV by Leupold,-25.0,912,540.8,
875,3284,Donald Findlay,540.3,566.2,-26.0,2,Apex Rocky Mountain Challenge 2026,-1.0,874,548.2,SAPRL 2026 - Cactus Cup Presented By Lapua - PRS Pro Series (2 Day)
876,5383,Matt Wilson,540.2,475.6,64.7,3,Bullet Central Northern Lights Classic presented by: Bix’n Andy,31.2,857,549.9,Short Action Customs Steel Challenge
877,1247,Brandon Weis,540.0,603.4,-63.4,4,2026 Manners Mayhem,-25.0,863,549.2,2026 B&T Ind. LLC Box Canyon Showdown....Suppressors Only!
878,755,Josh Botha,539.7,500,39.7,1,Apex Rocky Mountain Challenge 2026,39.7,915,539.7,
879,14366,Mark gordon,539.6,564.6,-25.0,1,2026 SAC SIZZLER,-25.0,916,539.6,
880,3536,Lucas Roe,539.5,525,14.5,1,2026 Southern Iowa Showdown presented by ZEISS,14.5,917,539.5,
881,4957,Chris Dement,539.4,545.2,-5.8,1,K&M Kahles Precision Rifle Competition PRS Pro Series Qualifier,-5.8,919,539.4,
882,13758,mark Herrmann,539.0,500,39.0,1,SILENT NIGHT presented by SILENCERCO,39.0,922,539.0,
883,4456,Wade Dabill,539.0,564.0,-25.0,1,Short Action Customs Steel Challenge,-25.0,923,539.0,
884,4095,Lucus Millar,538.8,500,38.8,1,Pancake Lake Open Presented by Dominion Outdoors,38.8,924,538.8,
885,38603,Aaron Smith,538.7,588.7,-50.0,2,2026 Leupold Best In Texas,-25.0,728,563.7,2026 Leupold Steel Classic PRS Match
886,2709,Heino Seibert,538.6,500,38.6,2,Apex Rocky Mountain Challenge 2026,50.0,805,550,2026 MDT Midsummer Madness PRS 2-day Pro Series Qualifier
887,1756,April Hope,538.5,491.5,47.0,2,2026 MDT Midsummer Madness PRS 2-day Pro Series Qualifier,50.0,910,541.5,2026 MDT Barrel Burner at The Lead Farm
888,3244,John Winston Truitt,538.2,475.6,62.7,4,Twisted Barrel Precision Scorcher IV by Leupold,-12.3,790,550.6,Gravestone Cowtown Classic
889,196,Mike Louden,538.1,475.6,62.5,2,2026 West Coast Redemption,12.5,929,538.1,
890,4334,Eric Zazulak,537.9,505.1,32.8,1,SAPRL 2026 - Cactus Cup Presented By Lapua - PRS Pro Series (2 Day),32.8,930,537.9,
891,510,Bob Sanchez,537.7,540.8,-3.0,4,2026 Leupold Best In Texas,-25.0,893,544.1,Gravestone Cowtown Classic
892,127862,Andrew Akins,537.6,489.6,48.0,3,Pigg River Precision H.A.M Presented by Leupold Optics,37.0,875,548.1,2026 Clinton House Chaos Presented by Vortex
893,550,Kyle Albrecht,537.5,454.6,82.8,4,2026 Manners Mayhem,17.1,931,537.5,
894,3759,Mitch Wilcox,537.5,501.2,36.2,1,2026 Snake River Standoff by Lone Peak,36.2,932,537.5,
895,133232,Layton Robinson,537.2,500,37.2,1,Twisted Barrel Precision Scorcher IV by Leupold,37.2,933,537.2,
896,8130,Tyler Fagan,537.0,529.8,7.2,1,Foundation Stocks at Twisted Barrel Precision September 19th and 20th 2 day,7.2,934,537.0,
897,3410,Rusty Thriller,536.9,475.6,61.4,7,2026 West Coast Redemption,-14.7,781,551.6,2026 West Coast Redemption
898,1404,Jon Binder-Swash,536.8,500,36.8,1,Foundation Stocks at Twisted Barrel Precision September 19th and 20th 2 day,36.8,937,536.8,
899,7302,Ethan Zly,536.8,475.6,61.2,3,2026 Impact Foundation PRC,50.0,886,545.2,2026 Thunder Beast Arms Co King of Coal Canyon
900,121509,Mateus Lima,536.8,500,36.8,1,2026 West Coast Redemption,36.8,938,536.8,
901,3745,Chris Hoffstetter,536.5,611.5,-75.0,3,2026 West Coast Redemption,-25.0,738,561.5,2026 MDT Barrel Burner at The Lead Farm
902,7519,Minos Lam,536.0,490.2,45.7,4,2026 Peterson Cartridge Challenge,-20.1,756,556.1,2026 Peterson Cartridge Challenge
903,7008,Michael Diehr,535.9,485.9,50.0,1,Pigg River Precision H.A.M Presented by Leupold Optics,50.0,942,535.9,
904,798,christopher parsons,535.3,475.6,59.8,5,2026 Impact Foundation PRC,22.1,925,538.7,2026 Hodgdon Punisher Positional
905,595,Mathew Shear,535.3,545.2,-9.9,5,Foundation Stocks at Twisted Barrel Precision September 19th and 20th 2 day,-25.0,740,560.3,2026 Impact Foundation PRC
906,4966,Michael Manning,535.2,557.6,-22.4,1,2026 Federal Gold Medal Match- Pro Series Qualifier,-22.4,946,535.2,
907,6113,pierce robson,534.8,475.6,59.3,4,SILENT NIGHT presented by SILENCERCO,-25.0,742,559.8,SILENT NIGHT presented by SILENCERCO
908,8172,Mathieu Thibeault,534.7,483.4,51.3,3,2026 Peterson Cartridge Challenge,1.0,948,534.7,
909,8176,Ken Bailey,534.5,638.6,-104.1,9,2026 Impact Foundation PRC,-25.0,936,537.0,2026 Leupold Steel Classic PRS Match
910,1190,Obadiah Barnes,534.5,564.5,-30.0,4,2026 Hodgdon Punisher Positional,-25.0,859,549.8,2026 Leupold Best In Texas
911,13824,Chance Havard,534.2,500,34.2,1,2026 Impact Foundation PRC,34.2,950,534.2,
912,335,Michael May,534.1,489.4,44.7,2,Short Action Customs Steel Challenge,32.3,951,534.1,
913,12127,Brock Wenndt,534.0,500,34.0,1,WI Barrel Maker 2.0,34.0,952,534.0,
914,8385,Nick schnur,534.0,620.1,-86.1,5,W.A.R. Rifles Shootout,-25.0,941,536.0,2026 Vortex Vengeance
915,4457,Gannin Meyer,533.9,513.8,20.1,1,2026 MDT Barrel Burner at The Lead Farm,20.1,953,533.9,
916,742,Patrick Murphree,533.8,595.3,-61.5,4,2026 Koenig-Ruger PRC,-25.0,884,545.6,Gravestone Cowtown Classic
917,9789,Jeff Badley,533.7,536.4,-2.7,2,2026 Manners Mayhem,16.3,885,545.3,2026 Hornady PRC
918,1415,Alex Watson,533.6,537.0,-3.4,2,Pigg River Precision H.A.M Presented by Leupold Optics,-25.0,747,558.6,Pigg River Precision H.A.M Presented by Leupold Optics
919,337,Brenton Baer,533.4,558.4,-25.0,1,2026 West Coast Redemption,-25.0,954,533.4,
920,184,Tom Green,533.4,558.4,-25.0,1,2026 West Coast Redemption,-25.0,955,533.4,
921,34551,Stetson Joiner,533.4,516.8,16.6,1,Gravestone Cowtown Classic,16.6,956,533.4,
922,37152,Cody Bushman,533.3,500,33.3,1,Pigg River Precision H.A.M Presented by Leupold Optics,33.3,957,533.3,
923,10680,Jessie Ford,533.2,500,33.2,1,Twisted Barrel Precision Scorcher IV by Leupold,33.2,958,533.2,
924,2938,Stephanie Mathiowetz,533.1,483.1,50.0,1,2026 Southern Iowa Showdown presented by ZEISS,50.0,960,533.1,
925,5599,Chris Harwood,533.0,500,33.0,2,WI Barrel Maker 2.0,-17.0,803,550,WI Barrel Maker 2.0
926,4180,Stefan Arnold,533.0,483.0,50.0,1,SILENT NIGHT presented by SILENCERCO,50.0,961,533.0,
927,7246,Jamie Prince,533.0,500,33.0,2,Pancake Lake Open Presented by Dominion Outdoors,-2.7,943,535.7,Pancake Lake Open Presented by Dominion Outdoors
928,1428,Scott Carter,532.8,535.3,-2.5,4,2026 Clinton House Chaos Presented by Vortex,-2.5,914,540.5,A-Team PRC
929,120817,Adam Borres,532.8,500,32.8,1,Foundation Stocks at Twisted Barrel Precision September 19th and 20th 2 day,32.8,963,532.8,
930,175,Shalini Thube,532.7,483.3,49.5,3,2026 West Coast Redemption,5.3,959,533.2,2026 Snake River Standoff by Lone Peak
931,2562,David Aitonean,532.5,507.5,25.0,2,2026 MDT Midsummer Madness PRS 2-day Pro Series Qualifier,50.0,750,557.5,Short Action Customs Steel Challenge
932,119128,Caleb Bray,532.4,500,32.4,2,2026 MDT Midsummer Madness PRS 2-day Pro Series Qualifier,33.2,964,532.6,Short Action Customs Steel Challenge
933,1664,Brian Schmalzriedt,532.1,475.6,56.5,2,Desert Chaos,50.0,967,532.1,
934,120081,Jason Bianchini,531.7,500,31.7,1,Apex Rocky Mountain Challenge 2026,31.7,969,531.7,
935,8024,Matt Smith,531.7,543.4,-11.7,1,SILENT NIGHT presented by SILENCERCO,-11.7,970,531.7,
936,6359,Ryan Humphris,531.6,475.6,56.1,3,W.A.R. Rifles Shootout,23.8,897,543.8,Pigg River Precision H.A.M Presented by Leupold Optics
937,3227,Radek Novak,531.6,500,31.6,1,2026 Koenig-Ruger PRC,31.6,971,531.6,
938,7449,Craig Trottier,531.4,556.4,-25.0,1,2026 Leupold Steel Classic PRS Match,-25.0,972,531.4,
939,1475,Austin Kyte,531.4,496.7,34.7,1,2026 Thunder Beast Arms Co King of Coal Canyon,34.7,973,531.4,
940,126097,Chris Wolf,531.1,481.1,50.0,1,SAPRL 2026 - Cactus Cup Presented By Lapua - PRS Pro Series (2 Day),50.0,974,531.1,
941,3469,Zach Howard,530.9,500,30.9,1,Bullet Central Northern Lights Classic presented by: Bix’n Andy,30.9,976,530.9,
942,3222,Morgan Keener,530.9,555.9,-25.0,1,Foundation Stocks at Twisted Barrel Precision September 19th and 20th 2 day,-25.0,977,530.9,
943,2670,Nick DeVries,530.8,500,30.8,1,Pancake Lake Open Presented by Dominion Outdoors,30.8,978,530.8,
944,1068,stefanie burdick,530.4,503.3,27.1,1,Sheepdog Showdown,27.1,980,530.4,
945,12755,Craig Branstetter,530.4,475.6,54.9,4,2026 Impact Foundation PRC,-7.9,928,538.3,2026 Hodgdon Punisher Positional
946,7596,Remington Howe,530.3,475.6,54.8,2,2026 Leupold Best In Texas,4.8,981,530.3,
947,6064,James Reynolds,530.3,555.3,-25.0,1,2026 Leupold Steel Classic PRS Match,-25.0,982,530.3,
948,13675,James Warters,530.2,500,30.2,1,K&M Kahles Precision Rifle Competition PRS Pro Series Qualifier,30.2,984,530.2,
949,11156,Jonathan Eads,529.5,479.4,50.1,3,2026 Thunder Beast Arms Co King of Coal Canyon,50.0,898,543.5,Gravestone Cowtown Classic
950,2734,Savanna Massong,529.1,545.4,-16.3,4,Apex Rocky Mountain Challenge 2026,50.0,913,540.7,Gravestone Cowtown Classic
951,1547,ashley hereid,529.1,554.1,-25.0,1,2026 OKIE SHOWDOWN PRESENTED BY FOUNDATION STOCKS,-25.0,987,529.1,
952,1712,Josh Botha,529.0,625.4,-96.4,5,2026 West Coast Redemption,-25.0,903,542.6,Gravestone Cowtown Classic
953,451,Blake Keller,528.8,500,28.8,2,2026 SAC SIZZLER,-21.2,795,550,2026 SAC SIZZLER
954,3618,Cheyenne Hofer,528.7,500,28.7,4,Pancake Lake Open Presented by Dominion Outdoors,-17.0,883,545.7,Pancake Lake Open Presented by Dominion Outdoors
955,9011,Erik Faulkner,528.3,500,28.3,1,2026 Peterson Cartridge Challenge,28.3,989,528.3,
956,13220,Jim Brawley,528.2,500,28.2,3,Foundation Stocks at Twisted Barrel Precision September 19th and 20th 2 day,50.0,774,553.2,2026 SAC SIZZLER
957,758,Ryan Hey,527.9,500,27.9,1,2026 Leupold Best In Texas,27.9,992,527.9,
958,3311,STEVE TANGEN,527.8,501.0,26.8,3,Pancake Lake Open Presented by Dominion Outdoors,43.3,906,542.4,THS Steel Challenge presented by TS Customs
959,38431,Nicolas Brunet,527.7,475.6,52.1,2,Pancake Lake Open Presented by Dominion Outdoors,22.7,995,527.7,
960,5250,Clay A,527.3,500,27.3,1,Pigg River Precision H.A.M Presented by Leupold Optics,27.3,997,527.3,
961,129187,Waylen Larsen,527.2,500,27.2,1,2026 Hornady PRC,27.2,998,527.2,
962,2665,Patrick DeVries,526.8,500,26.8,1,Pancake Lake Open Presented by Dominion Outdoors,26.8,999,526.8,
963,7966,Bram De Roeck,526.8,500,26.8,1,Foundation Stocks at Twisted Barrel Precision September 19th and 20th 2 day,26.8,1000,526.8,
964,6111,bart beasley,526.6,451.6,75.0,3,2026 Leupold Best In Texas,50.0,782,551.6,2026 Leupold Steel Classic PRS Match
965,10561,David Farmer,526.2,500,26.2,1,K&M Kahles Precision Rifle Competition PRS Pro Series Qualifier,26.2,1003,526.2,
966,129354,Zach Price,526.0,551.0,-25.0,1,SAPRL 2026 - Cactus Cup Presented By Lapua - PRS Pro Series (2 Day),-25.0,1004,526.0,
967,6087,Jason Escoto,526.0,499.1,27.0,1,Gravestone Cowtown Classic,27.0,1005,526.0,
968,602,Matt ritchie,526.0,448.1,77.8,2,2026 Impact Foundation PRC,50.0,1006,526.0,
969,1515,Adam Palmeri,525.9,491.5,34.4,5,2026 Peterson Cartridge Challenge,17.6,939,536.7,Sheepdog Showdown
970,7687,Dwight McGlynn,525.9,500,25.9,2,Apex Rocky Mountain Challenge 2026,25.3,1007,525.9,
971,13144,William Hawkins,525.9,475.6,50.3,3,2026 SAC SIZZLER,50.0,962,532.9,2026 Vortex Vengeance
972,37716,Aki Kulmala,525.6,475.6,50.0,1,Gravestone Cowtown Classic,50.0,1010,525.6,
973,812,Joseph Atchley,525.6,475.6,50.0,1,2026 Leupold Steel Classic PRS Match,50.0,1011,525.6,
974,120204,Garrett sweigart,525.6,475.6,50.0,1,A-Team PRC,50.0,1013,525.6,
975,2005,Devin Beasley,525.6,475.6,50.0,1,A-Team PRC,50.0,1014,525.6,
976,397,KG Gregory,525.6,475.6,50.0,1,Berger Precision Challenge,50.0,1015,525.6,
977,7329,Erik Vargas,525.6,475.6,50.0,1,Berger Precision Challenge,50.0,1016,525.6,
978,2150,james forbord,525.6,475.6,50.0,1,Berger Precision Challenge,50.0,1017,525.6,
979,7319,Tyler Ude,525.6,475.6,50.0,1,Berger Precision Challenge,50.0,1018,525.6,
980,4153,Colton Erickson,525.6,475.6,50.0,1,Desert Chaos,50.0,1019,525.6,
981,3578,Brian Erickson,525.6,475.6,50.0,1,Desert Chaos,50.0,1020,525.6,
982,5450,Dan Han,525.6,475.6,50.0,1,2026 MDT Barrel Burner at The Lead Farm,50.0,1022,525.6,
983,1290,Billy Kenney,525.6,475.6,50.0,1,Gunline Shooting Magnolia Madness,50.0,1023,525.6,
984,3876,Ron Waddell,525.6,475.6,50.0,1,Gunline Shooting Magnolia Madness,50.0,1024,525.6,
985,5486,Jordan Balzer,525.6,475.6,50.0,1,2026 B&T Ind. LLC Box Canyon Showdown....Suppressors Only!,50.0,1026,525.6,
986,2673,Dan Thompson,525.6,475.6,50.0,1,2026 Clinton House Chaos Presented by Vortex,50.0,1028,525.6,
987,4237,Greg Eiden Jr.,525.6,475.6,50.0,1,2026 Koenig-Ruger PRC,50.0,1029,525.6,
988,11322,Alexander Blanchette,525.6,475.6,50.0,1,2026 Koenig-Ruger PRC,50.0,1030,525.6,
989,37344,Brady Talent,525.6,475.6,50.0,1,2026 Koenig-Ruger PRC,50.0,1031,525.6,
990,13228,Ron McBee,525.6,475.6,50.0,1,2026 Leupold Best In Texas,50.0,1033,525.6,
991,11982,Šarūnas Brundza,525.6,475.6,50.0,1,Foundation Stocks at Twisted Barrel Precision September 19th and 20th 2 day,50.0,1035,525.6,
992,36427,kaleb Kerr,525.4,475.6,49.8,1,2026 Leupold Steel Classic PRS Match,49.8,1036,525.4,
993,9056,peter johnson,525.1,550.1,-25.0,1,2026 Vortex Vengeance,-25.0,1038,525.1,
994,16695,Josh Forbis,525.1,550.1,-25.0,1,2026 Southern Iowa Showdown presented by ZEISS,-25.0,1039,525.1,
995,8825,Joe DiMartino,525.0,475.6,49.5,1,2026 Vortex Vengeance,49.5,1040,525.0,
996,16411,Dominic Mercer,525,550,-25,1,2026 B&T Ind. LLC Box Canyon Showdown....Suppressors Only!,-25,1041,525,
997,6208,Nathan Pelloni,525,550,-25,1,2026 Hornady PRC,-25,1042,525,
998,7105,Chad Cantrell,525,500,25,2,Foundation Stocks at Twisted Barrel Precision September 19th and 20th 2 day,-25,811,550,Foundation Stocks at Twisted Barrel Precision September 19th and 20th 2 day
999,8142,Nathan Ross,525,475,50,1,Twisted Barrel Precision Scorcher IV by Leupold,50,1043,525,
1000,9919,Dustin Bauer,525,500,25,2,W.A.R. Rifles Shootout,-25,824,550,W.A.R. Rifles Shootout
1001,11175,Adam Moses,524.9,501.4,23.5,2,2026 Clinton House Chaos Presented by Vortex,42.2,944,535.4,MPA SPRING SHOOTOUT
1002,8569,Jon Damratoski,524.9,500.3,24.6,1,2026 Federal Gold Medal Match- Pro Series Qualifier,24.6,1044,524.9,
1003,8304,Sander Nyberg,524.8,500,24.8,1,Foundation Stocks at Twisted Barrel Precision September 19th and 20th 2 day,24.8,1045,524.8,
1004,9916,Shawn Bonde,524.7,505.2,19.5,1,Parma Precision Rifle Rumble VIII presented by Burris Optics,19.5,1046,524.7,
1005,4306,Kenny Nordstrom,524.6,549.6,-25.0,1,THS Steel Challenge presented by TS Customs,-25.0,1047,524.6,
1006,9069,Joshua Jarrett,524.4,508.9,15.5,5,2026 Federal Gold Medal Match- Pro Series Qualifier,32.9,993,527.8,A-Team PRC
1007,6175,Nick Kassian,524.4,475.6,48.8,4,THS Steel Challenge presented by TS Customs,43.1,996,527.7,Bullet Central Northern Lights Classic presented by: Bix’n Andy
1008,9060,Paul Kohler,524.1,550.9,-26.8,5,WI Barrel Maker 2.0,5.3,1002,526.3,Gravestone Cowtown Classic
1009,3749,Ned McFarlane,524.1,552.9,-28.7,4,2026 West Coast Redemption,-25.0,990,528.1,2026 Snake River Standoff by Lone Peak
1010,122712,brent kindelspire,524.1,500,24.1,1,THS Steel Challenge presented by TS Customs,24.1,1048,524.1,
1011,375,Francis La Placa,524.1,475.6,48.5,1,Berger Precision Challenge,48.5,1049,524.1,
1012,1721,Rob Macken,523.8,476.5,47.4,3,Apex Rocky Mountain Challenge 2026,23.5,1001,526.5,2026 MDT Barrel Burner at The Lead Farm
1013,122215,Isaac Scott,523.8,553.2,-29.4,4,2026 West Coast Redemption,-25.0,871,548.8,2026 West Coast Redemption
1014,2689,Lorenzo Brassard,523.7,500,23.7,3,Apex Rocky Mountain Challenge 2026,7.9,1037,525.1,2026 MDT Midsummer Madness PRS 2-day Pro Series Qualifier
1015,2693,Lindsay Pring,523.7,571.2,-47.6,2,Apex Rocky Mountain Challenge 2026,-22.6,882,546.2,SAPRL 2026 - Cactus Cup Presented By Lapua - PRS Pro Series (2 Day)
1016,1255,Timo Turl,523.6,596.5,-72.9,3,Foundation Stocks at Twisted Barrel Precision September 19th and 20th 2 day,-25.0,881,546.5,A-Team PRC
1017,3286,Colton Omstead,523.3,498.3,25.0,2,2026 Clay's Cartridge Co. Classic,-25.0,873,548.3,2026 Clay's Cartridge Co. Classic
1018,4654,Tyler Freel,523.2,500,23.2,1,2026 Hornady PRC,23.2,1053,523.2,
1019,5655,William George,523.1,548.1,-25.0,1,2026 MDT Barrel Burner at The Lead Farm,-25.0,1054,523.1,
1020,38613,Julian Timms,522.8,500,22.8,1,Foundation Stocks at Twisted Barrel Precision September 19th and 20th 2 day,22.8,1055,522.8,
1021,120642,Keith king jr,522.7,500,22.7,1,2026 Thunder Beast Arms Co King of Coal Canyon,22.7,1058,522.7,
1022,4428,Sean Jolly,522.3,475.6,46.7,6,Foundation Stocks at Twisted Barrel Precision September 19th and 20th 2 day,-25.0,985,529.2,MPA SPRING SHOOTOUT
1023,1622,Pete Holcomb,522.1,542.8,-20.7,5,2026 Alpha-Munitions Nut Crusher,3.3,1060,522.6,Gravestone Cowtown Classic
1024,127008,Cody Bjornson,521.7,500,21.7,1,Apex Rocky Mountain Challenge 2026,21.7,1067,521.7,
1025,396,Will Vudmaska,521.7,462.9,58.8,5,2026 West Coast Redemption,48.1,1059,522.6,Berger Precision Challenge
1026,123437,Lance Maske,521.5,556.7,-35.2,2,WI Barrel Maker 2.0,-10.2,968,532.0,THS Steel Challenge presented by TS Customs
1027,2690,Greg MacLean,521.4,522.7,-1.3,1,Apex Rocky Mountain Challenge 2026,-1.3,1068,521.4,
1028,7560,Joel Martin,521.2,475.6,45.7,4,Twisted Barrel Precision Scorcher IV by Leupold,-8.1,1057,522.7,Gravestone Cowtown Classic
1029,12383,Levi Lee,521.2,505.5,15.7,1,2026 MDT Barrel Burner at The Lead Farm,15.7,1069,521.2,
1030,621,Greg Nagy,520.9,500.7,20.2,9,2026 West Coast Redemption,9.9,1064,521.9,2026 Leupold Steel Classic PRS Match
1031,2553,Tavis Miller,520.6,545.6,-25.0,1,Short Action Customs Steel Challenge,-25.0,1073,520.6,
1032,3242,Brian Litteken,520.2,479.5,40.7,3,2026 Leupold Best In Texas,41.5,1051,524.0,2026 Leupold Steel Classic PRS Match
1033,5563,Stuart Cameron,520.1,483.6,36.6,3,Apex Rocky Mountain Challenge 2026,10.6,1062,522.1,2026 MDT Barrel Burner at The Lead Farm
1034,38187,Aaron Meyer,520.1,500,20.1,1,THS Steel Challenge presented by TS Customs,20.1,1074,520.1,
1035,334,EJ Johnson,520.1,475.6,44.5,1,Berger Precision Challenge,44.5,1075,520.1,
1036,2622,Emanuel Plotnikov,520.0,541.0,-21.0,1,Short Action Customs Steel Challenge,-21.0,1078,520.0,
1037,482,Kyle Pelster,520.0,500,20.0,1,2026 Hodgdon Punisher Positional,20.0,1079,520.0,
1038,7860,Michael Waite,520.0,475.6,44.5,2,2026 Hornady PRC,50.0,1032,525.6,2026 Alpha-Munitions Nut Crusher
1039,38039,Randall McAlhaney,520.0,475.6,44.4,4,Twisted Barrel Precision Scorcher IV by Leupold,50.0,994,527.7,2026 Clinton House Chaos Presented by Vortex
1040,8127,Adam Martin,519.9,475.6,44.3,4,2026 Federal Gold Medal Match- Pro Series Qualifier,47.9,1071,521.0,Gunline Shooting Magnolia Madness
1041,1380,Jeremy Prien,519.7,503.3,16.4,1,THS Steel Challenge presented by TS Customs,16.4,1080,519.7,
1042,11183,Lance Stephens,519.6,475,44.6,1,2026 Federal Gold Medal Match- Pro Series Qualifier,44.6,1081,519.6,
1043,12629,Grant Davis,519.4,525,-5.6,2,Pigg River Precision H.A.M Presented by Leupold Optics,9.8,1008,525.8,2026 Clinton House Chaos Presented by Vortex
1044,214,Mark Liu,519.3,532.2,-12.9,2,2026 Koenig-Ruger PRC,-5.7,1052,523.3,Berger Precision Challenge
1045,12008,Brandon Bean,519.2,500,19.2,1,2026 Manners Mayhem,19.2,1083,519.2,
1046,2832,Brenden Anderson,519.1,500,19.1,2,2026 MDT Midsummer Madness PRS 2-day Pro Series Qualifier,5.9,1084,519.1,
1047,1743,Patrick Welch,518.9,516.1,2.7,2,Short Action Customs Steel Challenge,27.7,975,531.0,2026 MDT Barrel Burner at The Lead Farm
1048,8751,Peter Do,518.8,475.6,43.2,3,2026 Thunder Beast Arms Co King of Coal Canyon,-25.0,896,543.8,2026 Thunder Beast Arms Co King of Coal Canyon
1049,1179,Gus Harding Smith,518.8,500,18.8,1,Foundation Stocks at Twisted Barrel Precision September 19th and 20th 2 day,18.8,1085,518.8,
1050,2793,Jose Garza,518.8,500,18.8,1,2026 Federal Gold Medal Match- Pro Series Qualifier,18.8,1086,518.8,
1051,127734,Jacob Jarosch,518.7,500,18.7,2,WI Barrel Maker 2.0,21.7,1076,520.1,2026 SAC SIZZLER
1052,6863,Willem Kowal,518.6,500,18.6,1,Sheepdog Showdown,18.6,1088,518.6,
1053,7282,TJ Rizzo,518.6,475.6,43.0,2,2026 Thunder Beast Arms Co King of Coal Canyon,2.6,1089,518.6,
1054,10046,Alex Cabrall,518.6,500,18.6,3,THS Steel Challenge presented by TS Customs,-11.4,991,528.1,2026 Hodgdon Punisher Positional
1055,1665,Tyler Whetstine,518.4,475.6,42.9,4,2026 Hornady PRC,-25.0,899,543.4,2026 Hornady PRC
1056,7452,Seth Swerczek,518.3,543.3,-25.0,1,2026 Hornady PRC,-25.0,1091,518.3,
1057,31397,Matthew cawood,518.3,500,18.3,1,2026 Peterson Cartridge Challenge,18.3,1092,518.3,
1058,4202,Marcus Harmer,518.2,500,18.2,2,WI Barrel Maker 2.0,43.2,983,530.2,THS Steel Challenge presented by TS Customs
1059,1865,Brian J. Johnson,518.1,475.6,42.5,1,Berger Precision Challenge,42.5,1095,518.1,
1060,126778,Matt Pitzer,518.0,500,18.0,1,WI Barrel Maker 2.0,18.0,1096,518.0,
1061,4453,Cody Villella,517.7,467.7,50.0,1,Short Action Customs Steel Challenge,50.0,1099,517.7,
1062,11763,Michael Morocco,517.7,545.0,-27.4,2,2026 Peterson Cartridge Challenge,-25.0,902,542.7,2026 Peterson Cartridge Challenge
1063,570,Kevin Arterburn,517.5,560.5,-43.0,6,Twisted Barrel Precision Scorcher IV by Leupold,-25.0,1098,517.8,Gravestone Cowtown Classic
1064,5069,Cody Page,517.3,523.8,-6.4,3,2026 Leupold Best In Texas,34.6,1050,524.1,2026 Leupold Steel Classic PRS Match
1065,5071,Josh Gabaree,517.2,500,17.2,1,2026 Manners Mayhem,17.2,1100,517.2,
1066,537,Dakota Summers,517.1,513.5,3.5,1,2026 B&T Ind. LLC Box Canyon Showdown....Suppressors Only!,3.5,1101,517.1,
1067,985,Pake Schmittle,516.9,475.6,41.4,1,2026 MDT Barrel Burner at The Lead Farm,41.4,1102,516.9,
1068,8319,Johannes Pretorius,516.8,500,16.8,1,Pancake Lake Open Presented by Dominion Outdoors,16.8,1103,516.8,
1069,11321,Kevin Reel,516.8,475.6,41.2,1,2026 Clinton House Chaos Presented by Vortex,41.2,1104,516.8,
1070,8369,Greg Denby,516.8,500,16.8,1,Foundation Stocks at Twisted Barrel Precision September 19th and 20th 2 day,16.8,1105,516.8,
1071,3147,Zach Gaudette,516.8,475.6,41.2,2,Short Action Customs Steel Challenge,25.8,1106,516.8,
1072,2167,Joshua Cupit,516.8,517.3,-0.6,7,Foundation Stocks at Twisted Barrel Precision September 19th and 20th 2 day,-25.0,988,528.3,MPA SPRING SHOOTOUT
1073,10174,Alec Rowe,516.7,475.6,41.2,1,2026 MDT FROSTBITE,41.2,1107,516.7,
1074,122001,Kev Lavigne,516.6,500,16.6,1,2026 MDT Midsummer Madness PRS 2-day Pro Series Qualifier,16.6,1108,516.6,
1075,9449,Trevor Sanders,516.6,475,41.6,1,Sheepdog Showdown,41.6,1109,516.6,
1076,9059,DJ Mayberry,516.3,475.6,40.7,5,W.A.R. Rifles Shootout,-22.3,927,538.6,W.A.R. Rifles Shootout
1077,2179,Thomas Kernes,516.2,475.6,40.7,1,2026 Southern Iowa Showdown presented by ZEISS,40.7,1111,516.2,
1078,9686,Wade Sears,516.2,475.6,40.6,5,2026 Impact Foundation PRC,50.0,1090,518.5,Berger Precision Challenge
1079,8727,Jeremy ZBoyer,516.1,500,16.1,1,THS Steel Challenge presented by TS Customs,16.1,1112,516.1,
1080,7840,mikey miller,515.9,521.1,-5.1,1,Sheepdog Showdown,-5.1,1113,515.9,
1081,7099,Donald Deardorff,515.7,540.7,-25.0,1,2026 Manners Mayhem,-25.0,1114,515.7,
1082,9935,Clay Phelps,515.2,500,15.2,1,2026 Manners Mayhem,15.2,1115,515.2,
1083,13200,Scott Zlatnik,515.1,475.6,39.6,1,2026 OKIE SHOWDOWN PRESENTED BY FOUNDATION STOCKS,39.6,1116,515.1,
1084,24854,Mike Demmer,515.0,500,15.0,1,SILENT NIGHT presented by SILENCERCO,15.0,1117,515.0,
1085,5708,Surge Vasyukhnevich,514.9,475.6,39.4,1,2026 MDT Barrel Burner at The Lead Farm,39.4,1118,514.9,
1086,3464,Travis Reichert,514.8,500,14.8,3,Pancake Lake Open Presented by Dominion Outdoors,0.7,986,529.2,THS Steel Challenge presented by TS Customs
1087,8973,Cody Walker,514.8,520.5,-5.7,1,2026 Koenig-Ruger PRC,-5.7,1119,514.8,
1088,130939,Liebies Liebenberg,514.8,500,14.8,1,Foundation Stocks at Twisted Barrel Precision September 19th and 20th 2 day,14.8,1120,514.8,
1089,738,Richard Caples,514.5,514.5,0.0,3,2026 Leupold Best In Texas,-25.0,918,539.5,2026 Leupold Steel Classic PRS Match
1090,9355,Jacob Brandon,514.3,517.7,-3.5,3,2026 OKIE SHOWDOWN PRESENTED BY FOUNDATION STOCKS,5.3,1066,521.8,Gravestone Cowtown Classic
1091,12169,Aleix Lari,514.2,500,14.2,1,2026 Impact Foundation PRC,14.2,1122,514.2,
1092,6119,Garett Stoddard,514.1,475.6,38.6,2,2026 West Coast Redemption,50.0,1027,525.6,2026 Snake River Standoff by Lone Peak
1093,2704,Brendan Soltys,514.0,564.0,-50.0,2,Apex Rocky Mountain Challenge 2026,-25.0,920,539.0,2026 MDT Midsummer Madness PRS 2-day Pro Series Qualifier
1094,3228,diana kubova,514.0,525.9,-11.8,4,2026 Koenig-Ruger PRC,-25.0,921,539.0,2026 Koenig-Ruger PRC
1095,13566,Colton Saal,513.9,475,38.9,2,2026 Peterson Cartridge Challenge,1.0,1123,513.9,
1096,4870,David McAllister,513.7,500,13.7,1,Apex Rocky Mountain Challenge 2026,13.7,1124,513.7,
1097,2541,Rick Baker,513.6,563.6,-50.0,2,2026 Manners Mayhem,-25.0,926,538.6,A-Team PRC
1098,2264,Sal Hernandez,513.4,475.6,37.8,1,2026 Leupold Steel Classic PRS Match,37.8,1125,513.4,
1099,20621,Mike Buss,513.3,473.3,40.0,1,WI Barrel Maker 2.0,40.0,1126,513.3,
1100,9055,josh ressler,513.3,560.2,-46.8,4,W.A.R. Rifles Shootout,-17.8,1077,520.1,Pigg River Precision H.A.M Presented by Leupold Optics
1101,27723,james ford,513.3,500,13.3,1,Pigg River Precision H.A.M Presented by Leupold Optics,13.3,1127,513.3,
1102,12042,Nathan Kincaid,512.9,475.6,37.4,1,2026 MDT Barrel Burner at The Lead Farm,37.4,1130,512.9,
1103,125805,David Dedek,512.8,500,12.8,1,Foundation Stocks at Twisted Barrel Precision September 19th and 20th 2 day,12.8,1131,512.8,
1104,125083,John Aitonean,512.4,537.4,-25.0,1,Short Action Customs Steel Challenge,-25.0,1133,512.4,
1105,5531,Bennie Cooley,512.4,537.4,-25.0,1,2026 Hornady PRC,-25.0,1134,512.4,
1106,5552,Kyle Gardner,512.0,500,12.0,3,Apex Rocky Mountain Challenge 2026,-25.0,935,537.0,Apex Rocky Mountain Challenge 2026
1107,37212,Brian Williams,511.9,475.6,36.3,4,2026 Impact Foundation PRC,27.6,1110,516.4,2026 B&T Ind. LLC Box Canyon Showdown....Suppressors Only!
1108,13289,James Paisley,511.8,498.0,13.7,1,2026 Federal Gold Medal Match- Pro Series Qualifier,13.7,1136,511.8,
1109,926,Austin Gifford,511.6,485.1,26.5,2,2026 Hornady PRC,17.7,1137,511.6,
1110,577,James Smith,511.5,561.5,-50.0,2,2026 OKIE SHOWDOWN PRESENTED BY FOUNDATION STOCKS,-25.0,940,536.5,2026 Clay's Cartridge Co. Classic
1111,9070,Aj Deysel,511.4,534.9,-23.4,1,2026 Leupold Steel Classic PRS Match,-23.4,1138,511.4,
1112,13531,Matt Wingard,511.3,475.6,35.7,2,2026 Peterson Cartridge Challenge,-14.3,1034,525.6,2026 Peterson Cartridge Challenge
1113,1372,Hark G,511.2,500,11.2,1,Short Action Customs Steel Challenge,11.2,1140,511.2,
1114,121891,Jason Balt,511.2,500,11.2,1,SAPRL 2026 - Cactus Cup Presented By Lapua - PRS Pro Series (2 Day),11.2,1141,511.2,
1115,3737,Adam Abu-dayyeh,511.0,527.8,-16.8,2,WI Barrel Maker 2.0,-14.6,1009,525.6,WI Barrel Maker 2.0
1116,2318,Justin Klassen,510.8,500,10.8,1,Pancake Lake Open Presented by Dominion Outdoors,10.8,1143,510.8,
1117,131191,Janus Van der Merwe,510.8,500,10.8,1,Foundation Stocks at Twisted Barrel Precision September 19th and 20th 2 day,10.8,1145,510.8,
1118,32296,Caleb Brown,510.4,530.6,-20.3,1,2026 Koenig-Ruger PRC,-20.3,1147,510.4,
1119,9067,Greg Ardine,510.3,504.6,5.7,4,2026 Peterson Cartridge Challenge,-25.0,945,535.3,Pigg River Precision H.A.M Presented by Leupold Optics
1120,125159,Adam Chadick,510.2,500,10.2,1,W.A.R. Rifles Shootout,10.2,1148,510.2,
1121,2944,Jeff Grubbs,509.9,559.9,-50.0,2,2026 Vortex Vengeance,-25.0,947,534.9,2026 MDT FROSTBITE
1122,37748,Nate Wilson,509.7,475.6,34.2,1,A-Team PRC,34.2,1149,509.7,
1123,6778,Chris Gaines,509.4,475.6,33.9,5,2026 Impact Foundation PRC,-25.0,949,534.4,2026 Impact Foundation PRC
1124,1238,Nate Kielts,509.3,459.3,50.0,1,2026 Southern Iowa Showdown presented by ZEISS,50.0,1152,509.3,
1125,120039,Cole Moorhaj,509.3,475.6,33.8,1,2026 Leupold Best In Texas,33.8,1153,509.3,
1126,4425,Derek Noah,509.3,508.7,0.6,1,Short Action Customs Steel Challenge,0.6,1154,509.3,
1127,10717,Ken Camerota,508.6,500,8.6,1,Sheepdog Showdown,8.6,1157,508.6,
1128,8180,Mark McMullin,508.3,484.9,23.4,1,Sheepdog Showdown,23.4,1160,508.3,
1129,12741,Luke Todd,508.1,475.6,32.5,1,Berger Precision Challenge,32.5,1163,508.1,
1130,10147,Ryan Sponauer,508.1,493.4,14.6,1,Berger Precision Challenge,14.6,1164,508.1,
1131,11408,Trevor Sarkozy,507.9,475.6,32.3,3,2026 Hornady PRC,20.4,1166,507.9,
1132,1465,Shawn Houston,507.8,475.6,32.3,2,2026 Koenig-Ruger PRC,50.0,1021,525.6,Desert Chaos
1133,121496,Derek Coble,507.4,462.1,45.3,4,2026 Federal Gold Medal Match- Pro Series Qualifier,-25.0,965,532.4,2026 Federal Gold Medal Match- Pro Series Qualifier
1134,544,Bill Blackmore,507.1,557.1,-50.0,2,Foundation Stocks at Twisted Barrel Precision September 19th and 20th 2 day,-25.0,966,532.1,Gravestone Cowtown Classic
1135,7013,Dominic DiTullio,507.0,475.6,31.5,2,W.A.R. Rifles Shootout,50.0,1070,521.1,2026 Vortex Vengeance
1136,8469,Josh Wagner,506.9,500,6.9,1,Bullet Central Northern Lights Classic presented by: Bix’n Andy,6.9,1172,506.9,
1137,10150,Buddy Erickson,506.8,500,6.8,1,Parma Precision Rifle Rumble VIII presented by Burris Optics,6.8,1173,506.8,
1138,6941,Taylor Mickens,506.8,500,6.8,1,2026 West Coast Redemption,6.8,1174,506.8,
1139,7080,Michael Mcgovern,506.2,488.3,17.9,1,Sheepdog Showdown,17.9,1177,506.2,
1140,1539,ben Corley,505.8,514.0,-8.3,3,2026 Federal Gold Medal Match- Pro Series Qualifier,-25.0,979,530.8,2026 Federal Gold Medal Match- Pro Series Qualifier
1141,8357,Matthew Beard,505.7,475.6,30.1,5,2026 Federal Gold Medal Match- Pro Series Qualifier,3.8,1181,505.9,2026 MDT FROSTBITE
1142,11772,Jeff Fogleboch,505.6,462.6,43.0,1,Pigg River Precision H.A.M Presented by Leupold Optics,43.0,1183,505.6,
1143,1326,joey hargrave,505.6,530.6,-25.0,1,A-Team PRC,-25.0,1184,505.6,
1144,10410,Brandon Bruggeman,505.2,500,5.2,1,2026 Hornady PRC,5.2,1186,505.2,
1145,7106,Ted Knight,505.0,521.1,-16.2,3,2026 Manners Mayhem,8.6,1139,511.4,2026 B&T Ind. LLC Box Canyon Showdown....Suppressors Only!
1146,2327,Kyle Lamb,504.9,454.9,50.0,1,K&M Kahles Precision Rifle Competition PRS Pro Series Qualifier,50.0,1187,504.9,
1147,123453,Kelsey Chevalier,504.8,500,4.8,1,Pancake Lake Open Presented by Dominion Outdoors,4.8,1188,504.8,
1148,3718,Noel Cornish,504.8,500,4.8,1,Foundation Stocks at Twisted Barrel Precision September 19th and 20th 2 day,4.8,1189,504.8,
1149,37393,Tyler Beggs,504.7,475.6,29.2,1,2026 MDT FROSTBITE,29.2,1191,504.7,
1150,119567,Tyler Boss,504.7,500,4.7,1,2026 Thunder Beast Arms Co King of Coal Canyon,4.7,1193,504.7,
1151,8149,casey mclearen,504.6,475.6,29.1,2,Foundation Stocks at Twisted Barrel Precision September 19th and 20th 2 day,50.0,1025,525.6,Gunline Shooting Magnolia Madness
1152,20053,Chad Mcleod,504.6,495.1,9.5,1,SAPRL 2026 - Cactus Cup Presented By Lapua - PRS Pro Series (2 Day),9.5,1194,504.6,
1153,4911,Raul Verzosa,504.5,476.8,27.7,1,2026 MDT Midsummer Madness PRS 2-day Pro Series Qualifier,27.7,1195,504.5,
1154,7150,Thomas Brancato,504.2,500,4.2,1,K&M Kahles Precision Rifle Competition PRS Pro Series Qualifier,4.2,1196,504.2,
1155,25812,Carlson Reese,503.9,528.9,-25.0,1,K&M Kahles Precision Rifle Competition PRS Pro Series Qualifier,-25.0,1200,503.9,
1156,3440,Nicholas Reynolds,503.8,475.2,28.6,1,Bullet Central Northern Lights Classic presented by: Bix’n Andy,28.6,1201,503.8,
1157,617,Robert Segarra,503.8,528.8,-25.0,1,2026 Clay's Cartridge Co. Classic,-25.0,1202,503.8,
1158,122379,Piotr Sycz,503.7,500,3.7,1,Apex Rocky Mountain Challenge 2026,3.7,1204,503.7,
1159,7076,Michael Pescetti,503.4,479.8,23.6,1,Sheepdog Showdown,23.6,1205,503.4,
1160,119860,Henry klok,503.2,500,3.2,1,SAPRL 2026 - Cactus Cup Presented By Lapua - PRS Pro Series (2 Day),3.2,1206,503.2,
1161,37989,Jacob Hamilton,503.2,475.6,27.6,2,2026 West Coast Redemption,17.1,1207,503.2,
1162,5503,James Harmon,503.1,475.6,27.5,3,2026 Impact Foundation PRC,21.6,1171,507.0,2026 Clay's Cartridge Co. Classic
1163,4963,Jonathan Jones,503.0,488.0,15.0,2,2026 Federal Gold Medal Match- Pro Series Qualifier,18.0,1192,504.7,A-Team PRC
1164,580,Adam Hunt,502.9,520.5,-17.6,2,2026 Hodgdon Punisher Positional,-19.0,1065,521.9,2026 Hodgdon Punisher Positional
1165,13218,Jonathan Reed,502.9,515.7,-12.8,2,Gunline Shooting Magnolia Madness,12.2,1132,512.5,A-Team PRC
1166,13306,Tyler Woolridge,502.7,500,2.7,1,2026 Thunder Beast Arms Co King of Coal Canyon,2.7,1211,502.7,
1167,13586,Valerie Houle,502.5,475.6,27.0,2,Pancake Lake Open Presented by Dominion Outdoors,-0.5,1208,503.0,Pancake Lake Open Presented by Dominion Outdoors
1168,8404,KELLY LeTourneau,502.2,500,2.2,2,2026 SAC SIZZLER,25.0,1128,513.2,Twisted Barrel Precision Scorcher IV by Leupold
1169,127172,Jason McQuirk,502.1,500,2.1,1,THS Steel Challenge presented by TS Customs,2.1,1217,502.1,
1170,10314,michael Jones,502.0,527.0,-25.0,1,2026 Federal Gold Medal Match- Pro Series Qualifier,-25.0,1218,502.0,
1171,7690,Alex vass,501.7,500,1.7,1,Apex Rocky Mountain Challenge 2026,1.7,1220,501.7,
1172,3187,Jeff Winslow,501.4,500,1.4,2,THS Steel Challenge presented by TS Customs,10.5,1178,506.1,Bullet Central Northern Lights Classic presented by: Bix’n Andy
1173,12628,patrick spillman,501.4,526.4,-25.0,1,2026 Clinton House Chaos Presented by Vortex,-25.0,1221,501.4,
1174,13902,Jon Langenfeld,501.2,500,1.2,1,Twisted Barrel Precision Scorcher IV by Leupold,1.2,1222,501.2,
1175,119859,Sati McCalla,501.2,500,1.2,1,2026 Hornady PRC,1.2,1223,501.2,
1176,5120,Ron Jarrett,501.1,451.1,50.0,1,K&M Kahles Precision Rifle Competition PRS Pro Series Qualifier,50.0,1224,501.1,
1177,125081,Cole Boxwell,501.0,500,1.0,1,SILENT NIGHT presented by SILENCERCO,1.0,1225,501.0,
1178,127200,Kurtis Merriman,500.8,500,0.8,2,Apex Rocky Mountain Challenge 2026,25.8,1165,507.9,2026 MDT Midsummer Madness PRS 2-day Pro Series Qualifier
1179,121660,jake planinsek,500.7,475,25.7,2,2026 Hornady PRC,-5.2,1182,505.9,2026 Hornady PRC
1180,10373,Jim Burkhart,500.7,500,0.7,1,2026 Thunder Beast Arms Co King of Coal Canyon,0.7,1226,500.7,
1181,12414,Brendan Lyons,500.6,500,0.6,1,Sheepdog Showdown,0.6,1227,500.6,
1182,10763,vincent canzoneri,500.6,450.6,50.0,1,Pigg River Precision H.A.M Presented by Leupold Optics,50.0,1228,500.6,
1183,37791,Ash Kerr,500.6,475.6,25.0,2,2026 Leupold Best In Texas,50.0,1012,525.6,2026 Leupold Steel Classic PRS Match
1184,174,Joe Voral,500.3,475,25.3,1,2026 West Coast Redemption,25.3,1229,500.3,
1185,37180,Trevor Payne,500.2,500,0.2,1,W.A.R. Rifles Shootout,0.2,1230,500.2,
1186,8640,Jon Olsen,500.2,500,0.2,1,2026 Impact Foundation PRC,0.2,1232,500.2,
1187,37268,Alex Parrish,500.1,475.6,24.6,6,2026 Thunder Beast Arms Co King of Coal Canyon,-20.2,1213,502.6,2026 Leupold Steel Classic PRS Match
1188,10042,Phillip Hergenrader,500.0,475.6,24.5,1,2026 Koenig-Ruger PRC,24.5,1233,500.0,
1189,13302,Caleb Crocker,500,450,50,1,K&M Kahles Precision Rifle Competition PRS Pro Series Qualifier,50,1234,500,
1190,1751,Dalton Hansen,500,525,-25,1,Pigg River Precision H.A.M Presented by Leupold Optics,-25,1235,500,
1191,31321,chris burnside,500,525,-25,1,Pigg River Precision H.A.M Presented by Leupold Optics,-25,1236,500,
1192,2745,Reed Griffin,500,525,-25,1,WI Barrel Maker 2.0,-25,1237,500,
1193,13671,Earl Bowman,500.0,500,-0.0,3,2026 Impact Foundation PRC,15.5,1216,502.2,Pigg River Precision H.A.M Presented by Leupold Optics
1194,119908,Wesley Elliott,499.3,475.6,23.8,3,2026 Federal Gold Medal Match- Pro Series Qualifier,-22.7,1063,522.1,2026 Federal Gold Medal Match- Pro Series Qualifier
1195,120354,Denes Szakacs,499.2,475.6,23.7,1,MPA SPRING SHOOTOUT,23.7,1238,499.2,
1196,7000,Kyle Backenstoes,499.2,475.6,23.6,3,W.A.R. Rifles Shootout,31.6,1179,506.1,2026 Peterson Cartridge Challenge
1197,500,Taylor Kojis,499.1,496.6,2.5,4,WI Barrel Maker 2.0,-3.3,1197,504.2,Twisted Barrel Precision Scorcher IV by Leupold
1198,345,Jeff Rovinsky,499.0,493.2,5.8,1,Desert Chaos,5.8,1240,499.0,
1199,648,Erik Zadow,498.9,497.9,1.0,5,WI Barrel Maker 2.0,-12.2,1142,511.0,2026 Manners Mayhem
1200,2686,Ken Greanya,498.8,500,-1.2,2,Apex Rocky Mountain Challenge 2026,23.8,1180,505.9,SAPRL 2026 - Cactus Cup Presented By Lapua - PRS Pro Series (2 Day)
1201,3370,Brendan Deibert,498.8,500,-1.2,1,Pancake Lake Open Presented by Dominion Outdoors,-1.2,1241,498.8,
1202,3330,Todd Novotny,498.8,484.7,14.2,1,2026 B&T Ind. LLC Box Canyon Showdown....Suppressors Only!,14.2,1242,498.8,
1203,9112,John Roberts,498.8,500,-1.2,1,Foundation Stocks at Twisted Barrel Precision September 19th and 20th 2 day,-1.2,1243,498.8,
1204,3858,Shaun Lato,498.8,475.6,23.2,3,2026 Federal Gold Medal Match- Pro Series Qualifier,-5.3,1156,508.7,Twisted Barrel Precision Scorcher IV by Leupold
1205,33627,Travis Trzecinski,498.7,475.6,23.1,2,WI Barrel Maker 2.0,30.5,1214,502.5,2026 Southern Iowa Showdown presented by ZEISS
1206,3293,Casey Farris,498.6,475.6,23.1,5,2026 Impact Foundation PRC,-3.1,1212,502.6,2026 Hodgdon Punisher Positional
1207,538,Timothy Provin,498.3,564.5,-66.2,3,2026 Thunder Beast Arms Co King of Coal Canyon,-25.0,1121,514.5,2026 B&T Ind. LLC Box Canyon Showdown....Suppressors Only!
1208,9665,Tommy Carter,498.2,500,-1.8,1,W.A.R. Rifles Shootout,-1.8,1246,498.2,
1209,3603,Fritz Englade,498.0,558.9,-60.9,5,Twisted Barrel Precision Scorcher IV by Leupold,-18.7,1244,498.6,2026 Leupold Steel Classic PRS Match
1210,32264,Sean Meadows,498.0,475,23.0,3,Foundation Stocks at Twisted Barrel Precision September 19th and 20th 2 day,-24.8,1056,522.7,Foundation Stocks at Twisted Barrel Precision September 19th and 20th 2 day
1211,3241,Aaron Blake,497.9,517.4,-19.5,3,2026 Leupold Best In Texas,27.2,1198,504.1,2026 Leupold Steel Classic PRS Match
1212,13355,Derrick VanZandt,497.8,475,22.8,2,WI Barrel Maker 2.0,-20.2,1097,518.0,WI Barrel Maker 2.0
1213,6581,Nathan Tutor,497.7,475.6,22.2,1,A-Team PRC,22.2,1250,497.7,
1214,122054,Kerri Monsour,497.7,500,-2.3,1,Apex Rocky Mountain Challenge 2026,-2.3,1251,497.7,
1215,7090,Scott German,497.4,487.1,10.2,3,2026 Leupold Best In Texas,50.0,1151,509.4,Gravestone Cowtown Classic
1216,2940,Neal Moor,497.3,475.6,21.8,4,2026 Peterson Cartridge Challenge,8.3,1158,508.4,2026 SAC SIZZLER
1217,2972,Adam Landenwitch,497.2,541.8,-44.6,4,2026 Impact Foundation PRC,15.2,1199,504.1,2026 Vortex Vengeance
1218,9361,Will Hersey,497.2,475.6,21.7,4,K&M Kahles Precision Rifle Competition PRS Pro Series Qualifier,-25.0,1061,522.2,K&M Kahles Precision Rifle Competition PRS Pro Series Qualifier
1219,425,Joshua Carlson,497.2,500,-2.8,1,SAPRL 2026 - Cactus Cup Presented By Lapua - PRS Pro Series (2 Day),-2.8,1253,497.2,
1220,1055,Ian Shuart,497.0,481.3,15.7,1,2026 MDT Barrel Burner at The Lead Farm,15.7,1254,497.0,
1221,12128,Brady Hall,496.8,500,-3.2,1,Parma Precision Rifle Rumble VIII presented by Burris Optics,-3.2,1255,496.8,
1222,854,Carson Thorsteinson,496.8,500,-3.2,1,Pancake Lake Open Presented by Dominion Outdoors,-3.2,1256,496.8,
1223,8018,Dillon Conlon,496.8,500,-3.2,1,Foundation Stocks at Twisted Barrel Precision September 19th and 20th 2 day,-3.2,1259,496.8,
1224,8242,Yoga Pants,496.8,500,-3.2,1,2026 West Coast Redemption,-3.2,1260,496.8,
1225,1615,Bryan Sollima,496.7,521.7,-25.0,1,Berger Precision Challenge,-25.0,1261,496.7,
1226,3333,Trenton Whitfield,496.6,500,-3.4,1,Sheepdog Showdown,-3.4,1263,496.6,
1227,473,Van Krtolica,496.3,475.6,20.7,3,2026 MDT Midsummer Madness PRS 2-day Pro Series Qualifier,25.5,1252,497.5,Berger Precision Challenge
1228,13898,Dan Dodge,496.2,475.6,20.7,1,2026 Southern Iowa Showdown presented by ZEISS,20.7,1266,496.2,
1229,37369,Bryce Bischel,496.0,500,-4.0,1,WI Barrel Maker 2.0,-4.0,1267,496.0,
1230,10401,Jason Vigil,496.0,475.6,20.5,1,2026 Koenig-Ruger PRC,20.5,1268,496.0,
1231,3728,Dennis Crafton,495.9,448.1,47.8,2,2026 Hornady PRC,50.0,1247,498.1,2026 Koenig-Ruger PRC
1232,1896,William Blake Milford,495.9,475.6,20.3,2,2026 Thunder Beast Arms Co King of Coal Canyon,-2.2,1248,498.1,2026 Thunder Beast Arms Co King of Coal Canyon
1233,6414,Takashi Nakachi,495.9,502.3,-6.4,1,2026 Federal Gold Medal Match- Pro Series Qualifier,-6.4,1270,495.9,
1234,3545,Albert Liao,495.9,475.6,20.3,3,2026 West Coast Redemption,-25.0,1072,520.9,2026 West Coast Redemption
1235,25347,Mike McCutchen,495.7,520.7,-25.0,1,2026 MDT Barrel Burner at The Lead Farm,-25.0,1272,495.7,
1236,13870,Jake Somann,495.6,475.6,20.1,2,WI Barrel Maker 2.0,-12.6,1161,508.2,WI Barrel Maker 2.0
1237,12024,Andrew Denbow,495.2,500,-4.8,1,2026 Manners Mayhem,-4.8,1273,495.2,
1238,132654,kale murphree,495.0,500,-5.0,1,SILENT NIGHT presented by SILENCERCO,-5.0,1275,495.0,
1239,1480,Kyle Mueller,495.0,500,-5.0,1,2026 SAC SIZZLER,-5.0,1276,495.0,
1240,129535,Chad Hazen,494.7,500,-5.3,1,2026 Thunder Beast Arms Co King of Coal Canyon,-5.3,1279,494.7,
1241,8365,Philippe Tchernov,494.6,500,-5.4,1,2026 MDT Midsummer Madness PRS 2-day Pro Series Qualifier,-5.4,1280,494.6,
1242,9697,Cory Klemashevich,494.5,469.5,25.0,2,2026 Leupold Best In Texas,-25.0,1082,519.5,2026 Leupold Best In Texas
1243,11345,Tim Paquette,494.4,481.8,12.6,1,2026 Clinton House Chaos Presented by Vortex,12.6,1282,494.4,
1244,122704,Derek Kindelspire,494.1,500,-5.9,1,THS Steel Challenge presented by TS Customs,-5.9,1283,494.1,
1245,3455,Ryan C,494.0,475.6,18.5,1,2026 Alpha-Munitions Nut Crusher,18.5,1284,494.0,
1246,2102,Rick Nedelisky,494.0,522.6,-28.6,2,Short Action Customs Steel Challenge,-24.8,1087,518.8,Short Action Customs Steel Challenge
1247,11587,Travis Ritter,493.8,484.4,9.4,1,2026 Leupold Best In Texas,9.4,1286,493.8,
1248,3328,Robert Badgett,493.8,529.9,-36.2,5,2026 Federal Gold Medal Match- Pro Series Qualifier,35.7,1249,497.8,2026 Leupold Steel Classic PRS Match
1249,13368,Jason Russell,493.6,475.6,18.1,5,2026 Federal Gold Medal Match- Pro Series Qualifier,-8.1,1277,494.9,Gunline Shooting Magnolia Madness
1250,11262,Brock Mowry,493.5,475.6,17.9,5,2026 Federal Gold Medal Match- Pro Series Qualifier,-25.0,1278,494.7,A-Team PRC
1251,8559,Jackson Clevenger,493.4,475.6,17.9,3,Twisted Barrel Precision Scorcher IV by Leupold,36.2,1239,499.1,Gunline Shooting Magnolia Madness
1252,8186,Michael Hill,493.2,500,-6.8,3,Sheepdog Showdown,10.2,1185,505.5,Apex Rocky Mountain Challenge 2026
1253,13147,Dale Evans,493.1,466.9,26.3,3,2026 Impact Foundation PRC,50.0,1093,518.1,2026 Leupold Best In Texas
1254,127166,Blake Bunch,493.1,475.6,17.6,1,2026 OKIE SHOWDOWN PRESENTED BY FOUNDATION STOCKS,17.6,1287,493.1,
1255,5700,David Ketelsen,493.1,475.6,17.6,2,2026 West Coast Redemption,-25.0,1094,518.1,2026 West Coast Redemption
1256,3508,Andrew Weaver,493.0,490.5,2.5,1,2026 Southern Iowa Showdown presented by ZEISS,2.5,1289,493.0,
1257,123450,Adam Huber,493.0,500,-7.0,1,2026 SAC SIZZLER,-7.0,1290,493.0,
1258,3447,Zach Paetz,492.9,500,-7.1,1,Bullet Central Northern Lights Classic presented by: Bix’n Andy,-7.1,1291,492.9,
1259,10148,Nick Aevermann,492.8,500,-7.2,1,Parma Precision Rifle Rumble VIII presented by Burris Optics,-7.2,1292,492.8,
1260,1727,James Sewell,492.8,500,-7.2,1,Foundation Stocks at Twisted Barrel Precision September 19th and 20th 2 day,-7.2,1293,492.8,
1261,1898,Travis Tapp,492.7,473.3,19.5,1,2026 Koenig-Ruger PRC,19.5,1294,492.7,
1262,37767,Jason Jackson,492.7,475.6,17.1,4,2026 Hornady PRC,-21.9,1264,496.3,Berger Precision Challenge
1263,8168,Martin Martin tapp,492.6,500,-7.4,1,Sheepdog Showdown,-7.4,1295,492.6,
1264,4983,Josh Milam,492.5,475.6,16.9,4,2026 Clinton House Chaos Presented by Vortex,34.0,1258,496.8,A-Team PRC
1265,730,Matt Commander,492.2,500,-7.8,1,K&M Kahles Precision Rifle Competition PRS Pro Series Qualifier,-7.8,1296,492.2,
1266,3996,Cody Warwick,492.1,475.6,16.6,1,2026 Snake River Standoff by Lone Peak,16.6,1298,492.1,
1267,1006,Allen Puckett,492.1,475,17.1,1,Parma Precision Rifle Rumble VIII presented by Burris Optics,17.1,1299,492.1,
1268,13198,Matt Fralin,492.1,483.9,8.2,1,Pigg River Precision H.A.M Presented by Leupold Optics,8.2,1300,492.1,
1269,8536,Charlie Foulkrod,492.1,475.6,16.5,1,Berger Precision Challenge,16.5,1301,492.1,
1270,12733,Warren Evans,491.9,480.8,11.1,1,Berger Precision Challenge,11.1,1302,491.9,
1271,1459,Zac Smith,491.8,516.8,-25.0,1,K&M Kahles Precision Rifle Competition PRS Pro Series Qualifier,-25.0,1303,491.8,
1272,10318,John Barton,491.7,475.6,16.2,1,A-Team PRC,16.2,1304,491.7,
1273,13811,Lowell Niven,491.7,500,-8.3,1,Apex Rocky Mountain Challenge 2026,-8.3,1305,491.7,
1274,5148,KJ Otterman,491.6,500,-8.4,1,2026 Koenig-Ruger PRC,-8.4,1306,491.6,
1275,2557,Kevin Simmons,491.4,501.6,-10.2,1,2026 West Coast Redemption,-10.2,1308,491.4,
1276,1242,Steven Keller,491.2,516.2,-25.0,4,Foundation Stocks at Twisted Barrel Precision September 19th and 20th 2 day,-25.0,1159,508.3,Gravestone Cowtown Classic
1277,2586,Mike McNeilly,491.0,496.2,-5.2,2,Short Action Customs Steel Challenge,-17.1,1162,508.1,Short Action Customs Steel Challenge
1278,5886,Curtis Mitchell,490.8,500,-9.2,1,Parma Precision Rifle Rumble VIII presented by Burris Optics,-9.2,1310,490.8,
1279,4091,jacob jeswiet,490.8,500,-9.2,1,Pancake Lake Open Presented by Dominion Outdoors,-9.2,1311,490.8,
1280,13821,Michael Gray,490.8,500,-9.2,1,2026 Federal Gold Medal Match- Pro Series Qualifier,-9.2,1312,490.8,
1281,592,Arnie Walters,490.7,451.8,38.9,1,2026 Impact Foundation PRC,38.9,1313,490.7,
1282,120819,Luke Sands,490.7,500,-9.3,1,2026 Thunder Beast Arms Co King of Coal Canyon,-9.3,1314,490.7,
1283,229,Shannon Meredith,490.2,530.3,-40.1,3,Parma Precision Rifle Rumble VIII presented by Burris Optics,1.8,1209,502.9,Berger Precision Challenge
1284,133754,Steven Burt,490.2,500,-9.8,1,2026 Impact Foundation PRC,-9.8,1316,490.2,
1285,2197,James Cadaoas,489.9,475.6,14.4,2,2026 West Coast Redemption,15.9,1315,490.6,Berger Precision Challenge
1286,4809,Chris Briggs,489.7,500,-10.3,1,Apex Rocky Mountain Challenge 2026,-10.3,1320,489.7,
1287,6697,Mark Polito,489.7,514.7,-25.0,1,Gravestone Cowtown Classic,-25.0,1321,489.7,
1288,6809,Rich Whipple,489.5,514.5,-25.0,1,2026 Leupold Best In Texas,-25.0,1324,489.5,
1289,17294,Richard Dyess,489.4,514.4,-25.0,1,K&M Kahles Precision Rifle Competition PRS Pro Series Qualifier,-25.0,1325,489.4,
1290,3254,Richard De clark,489.3,475.6,13.7,4,2026 Impact Foundation PRC,0.2,1271,495.7,2026 Thunder Beast Arms Co King of Coal Canyon
1291,12067,Jon Cole,489.3,514.3,-25.0,1,Pigg River Precision H.A.M Presented by Leupold Optics,-25.0,1329,489.3,
1292,365,Mark O’Neill,489.0,514.0,-25.0,1,Berger Precision Challenge,-25.0,1330,489.0,
1293,3525,Mitchell adams,488.9,471.8,17.2,1,2026 Southern Iowa Showdown presented by ZEISS,17.2,1331,488.9,
1294,7380,Bob Noland,488.8,450,38.8,1,SILENT NIGHT presented by SILENCERCO,38.8,1332,488.8,
1295,122451,Zach Mayo,488.8,500,-11.2,1,Pancake Lake Open Presented by Dominion Outdoors,-11.2,1333,488.8,
1296,6326,Westin Fairbrother,488.7,494.0,-5.3,2,2026 MDT Midsummer Madness PRS 2-day Pro Series Qualifier,16.7,1257,496.8,SAPRL 2026 - Cactus Cup Presented By Lapua - PRS Pro Series (2 Day)
1297,1429,Michael Mead,488.5,524.7,-36.2,5,Foundation Stocks at Twisted Barrel Precision September 19th and 20th 2 day,-25.0,1327,489.4,2026 MDT FROSTBITE
1298,128898,Dusty Talley,488.2,500,-11.8,1,2026 Impact Foundation PRC,-11.8,1338,488.2,
1299,6988,Storm Bonafield,488.1,475.6,12.5,1,Berger Precision Challenge,12.5,1339,488.1,
1300,1145,Jeremy Standke,488.0,479.0,9.1,4,2026 Manners Mayhem,-25.0,1129,513.0,2026 Manners Mayhem
1301,119403,Nathan Gowe,488.0,500,-12.0,1,WI Barrel Maker 2.0,-12.0,1341,488.0,
1302,3747,Scott McFarlane Jr,488.0,547.5,-59.5,3,2026 Hornady PRC,-25.0,1167,507.9,2026 Snake River Standoff by Lone Peak
1303,4889,Ryan Vanak,487.9,475,12.9,1,2026 MDT Midsummer Madness PRS 2-day Pro Series Qualifier,12.9,1342,487.9,
1304,7775,Dani Sutton,487.7,500,-12.3,1,Apex Rocky Mountain Challenge 2026,-12.3,1343,487.7,
1305,6944,Gerald Hite,487.5,496.7,-9.3,1,2026 West Coast Redemption,-9.3,1344,487.5,
1306,12386,Daniel Burnette,487.3,500,-12.7,1,Pigg River Precision H.A.M Presented by Leupold Optics,-12.7,1345,487.3,
1307,8891,John Oxford,487.2,475.6,11.7,3,Foundation Stocks at Twisted Barrel Precision September 19th and 20th 2 day,-25.0,1135,512.2,Foundation Stocks at Twisted Barrel Precision September 19th and 20th 2 day
1308,3629,Jeremy Crowther,487.2,500,-12.8,1,2026 Hornady PRC,-12.8,1346,487.2,
1309,10092,Yudiel Martinez,487.1,475.6,11.5,2,Foundation Stocks at Twisted Barrel Precision September 19th and 20th 2 day,36.5,1334,488.6,2026 Leupold Steel Classic PRS Match
1310,34006,Xzavier Watts,487.0,450.7,36.3,1,K&M Kahles Precision Rifle Competition PRS Pro Series Qualifier,36.3,1347,487.0,
1311,8150,Leanne Dixon,487.0,500,-13.0,1,SILENT NIGHT presented by SILENCERCO,-13.0,1348,487.0,
1312,8853,Jay Hansen,486.9,500,-13.1,1,Bullet Central Northern Lights Classic presented by: Bix’n Andy,-13.1,1351,486.9,
1313,1009,Kenny Vieu,486.8,500,-13.2,1,Parma Precision Rifle Rumble VIII presented by Burris Optics,-13.2,1352,486.8,
1314,7061,Alexander Fang,486.8,500,-13.2,2,W.A.R. Rifles Shootout,-19.8,1175,506.6,W.A.R. Rifles Shootout
1315,7138,Dave Hemphill,486.8,500,-13.2,1,2026 Federal Gold Medal Match- Pro Series Qualifier,-13.2,1353,486.8,
1316,5559,Marlin Kachmar,486.6,500,-13.4,1,2026 MDT Midsummer Madness PRS 2-day Pro Series Qualifier,-13.4,1354,486.6,
1317,6978,Mike Klein,486.5,475.6,11.0,3,W.A.R. Rifles Shootout,22.5,1190,504.8,Sheepdog Showdown
1318,10503,Will Miller,486.4,511.4,-25.0,1,2026 MDT Barrel Burner at The Lead Farm,-25.0,1356,486.4,
1319,4808,Kenneth Charpentier,486.1,475.6,10.6,5,WI Barrel Maker 2.0,22.7,1328,489.4,Berger Precision Challenge
1320,31946,Farron Welborn,485.8,475.6,10.2,2,Pigg River Precision H.A.M Presented by Leupold Optics,-25.0,1144,510.8,Pigg River Precision H.A.M Presented by Leupold Optics
1321,1577,Mikey Friesen,485.7,500,-14.3,1,Apex Rocky Mountain Challenge 2026,-14.3,1360,485.7,
1322,7749,Ryan Gilpin,485.6,500,-14.4,2,Apex Rocky Mountain Challenge 2026,-25.0,1146,510.6,Apex Rocky Mountain Challenge 2026
1323,12051,Josh Cureton,485.5,475.8,9.7,2,2026 Clinton House Chaos Presented by Vortex,12.1,1349,486.9,MPA SPRING SHOOTOUT
1324,38609,Clayton Allen,485.4,475.6,9.8,1,2026 Leupold Steel Classic PRS Match,9.8,1362,485.4,
1325,9816,Isaac Schnur,485.2,475.6,9.7,5,W.A.R. Rifles Shootout,-13.4,1336,488.4,K&M Kahles Precision Rifle Competition PRS Pro Series Qualifier
1326,2172,Seth Burrows,485.2,475.6,9.7,3,2026 Hodgdon Punisher Positional,16.7,1297,492.2,2026 Clay's Cartridge Co. Classic
1327,12417,Cédric Raffa,485.2,475.6,9.7,3,W.A.R. Rifles Shootout,0.9,1307,491.6,2026 Vortex Vengeance
1328,185,Ron Arnone,485.0,511.8,-26.8,2,Parma Precision Rifle Rumble VIII presented by Burris Optics,-1.8,1203,503.7,2026 Snake River Standoff by Lone Peak
1329,3927,Kevin Groening,484.8,500,-15.2,1,Pancake Lake Open Presented by Dominion Outdoors,-15.2,1365,484.8,
1330,9277,David Proctor,484.8,505.3,-20.5,1,2026 West Coast Redemption,-20.5,1366,484.8,
1331,123552,Dennis Zoller,484.7,500,-15.3,2,Pancake Lake Open Presented by Dominion Outdoors,-25.0,1150,509.7,Pancake Lake Open Presented by Dominion Outdoors
1332,1667,Roberto Borquez,484.7,509.7,-25.0,1,2026 Leupold Best In Texas,-25.0,1367,484.7,
1333,8132,Adam Peterson,484.7,475.6,9.1,4,2026 Impact Foundation PRC,16.8,1350,486.9,2026 Leupold Best In Texas
1334,5078,Brandon B Green,484.6,475.6,9.1,1,Gunline Shooting Magnolia Madness,9.1,1368,484.6,
1335,8201,Nick Buchanan,484.6,455.1,29.5,1,Sheepdog Showdown,29.5,1369,484.6,
1336,6985,Brian Miller,484.4,469.3,15.1,1,W.A.R. Rifles Shootout,15.1,1370,484.4,
1337,33175,Kohlton Clouser,484.3,473.3,11.0,2,2026 SAC SIZZLER,-25.0,1155,509.3,2026 SAC SIZZLER
1338,8668,Joseph Snyder,484.3,500,-15.7,1,2026 Peterson Cartridge Challenge,-15.7,1371,484.3,
1339,11112,Lee Wadsworth,483.9,475,8.9,1,Pigg River Precision H.A.M Presented by Leupold Optics,8.9,1372,483.9,
1340,6835,Cesar Alvarez,483.8,475.6,8.3,1,Desert Chaos,8.3,1373,483.8,
1341,5573,Sydney Walton,483.8,475.6,8.2,4,Apex Rocky Mountain Challenge 2026,24.0,1340,488.0,2026 MDT Barrel Burner at The Lead Farm
1342,124857,Rio Gillis,483.7,500,-16.3,1,Apex Rocky Mountain Challenge 2026,-16.3,1374,483.7,
1343,2549,Andrew Ledford,483.4,496.4,-13.0,2,Short Action Customs Steel Challenge,-0.8,1323,489.5,2026 MDT Barrel Burner at The Lead Farm
1344,119946,Bryce Crum,483.3,475.6,7.8,1,2026 Leupold Best In Texas,7.8,1376,483.3,
1345,2712,Luke Trinkey,482.9,500,-17.1,3,Pancake Lake Open Presented by Dominion Outdoors,-17.3,1231,500.2,THS Steel Challenge presented by TS Customs
1346,120500,Jacob Weber,482.8,500,-17.2,1,Parma Precision Rifle Rumble VIII presented by Burris Optics,-17.2,1382,482.8,
1347,9007,Mike Riksheim,482.8,479.0,3.8,5,2026 Peterson Cartridge Challenge,27.0,1335,488.4,K&M Kahles Precision Rifle Competition PRS Pro Series Qualifier
1348,2941,Kevin Sancho,482.7,501.0,-18.3,2,2026 Vortex Vengeance,-25.0,1168,507.7,2026 Vortex Vengeance
1349,1062,Ammar Bazzaz,482.7,498.5,-15.8,2,2026 Manners Mayhem,9.2,1245,498.5,2026 SAC SIZZLER
1350,4148,Tom Nielson,482.7,475.6,7.1,3,2026 Hornady PRC,-25.0,1169,507.7,2026 Hornady PRC
1351,122420,Bryce Minke,482.6,500,-17.4,1,2026 MDT Midsummer Madness PRS 2-day Pro Series Qualifier,-17.4,1383,482.6,
1352,4951,B.J. Hill,482.6,500,-17.4,3,Foundation Stocks at Twisted Barrel Precision September 19th and 20th 2 day,-25.0,1269,496.0,K&M Kahles Precision Rifle Competition PRS Pro Series Qualifier
1353,3278,William Finstad,482.4,475,7.4,1,2026 MDT FROSTBITE,7.4,1384,482.4,
1354,5584,George Gardner,482.4,475.4,7.0,2,2026 B&T Ind. LLC Box Canyon Showdown....Suppressors Only!,32.0,1265,496.2,Gravestone Cowtown Classic
1355,3491,Patrick Breedlove,482.0,500,-18.0,1,WI Barrel Maker 2.0,-18.0,1386,482.0,
1356,13011,Doug Naes,482.0,475.6,6.5,1,2026 Koenig-Ruger PRC,6.5,1387,482.0,
1357,7544,shane barnes,482.0,449.2,32.8,3,2026 Manners Mayhem,-25.0,1170,507.0,2026 Manners Mayhem
1358,9308,Bob Harmon,481.8,494.6,-12.8,1,2026 B&T Ind. LLC Box Canyon Showdown....Suppressors Only!,-12.8,1388,481.8,
1359,10317,Jordan Randall,481.7,475.6,6.2,1,A-Team PRC,6.2,1390,481.7,
1360,12105,Scott Carroll,481.6,457.7,23.9,2,2026 Leupold Best In Texas,-25.0,1176,506.6,2026 Leupold Best In Texas
1361,6608,Blake Spaulding,481.4,509.3,-27.9,2,Short Action Customs Steel Challenge,-2.9,1285,493.8,2026 MDT Barrel Burner at The Lead Farm
1362,13921,Luke Clement,481.4,498.4,-17.0,1,2026 Southern Iowa Showdown presented by ZEISS,-17.0,1394,481.4,
1363,7277,Chris OLSZEWSKI,481.3,490.0,-8.8,1,W.A.R. Rifles Shootout,-8.8,1395,481.3,
1364,4959,Jonathan Roper,481.2,475.6,5.7,1,MPA SPRING SHOOTOUT,5.7,1396,481.2,
1365,4755,Anthony Caldarelli,481.2,531.6,-50.5,3,Twisted Barrel Precision Scorcher IV by Leupold,-0.5,1326,489.4,2026 Leupold Steel Classic PRS Match
1366,123447,Tyler Banman,481.2,500,-18.8,1,SAPRL 2026 - Cactus Cup Presented By Lapua - PRS Pro Series (2 Day),-18.8,1397,481.2,
1367,4442,Austin Olson,481.2,472.3,8.8,1,Short Action Customs Steel Challenge,8.8,1398,481.2,
1368,19288,vlad mines,481.0,504.0,-23.0,1,Pigg River Precision H.A.M Presented by Leupold Optics,-23.0,1399,481.0,
1369,12775,Nic Gragg,481.0,475.6,5.4,2,K&M Kahles Precision Rifle Competition PRS Pro Series Qualifier,30.4,1358,485.8,A-Team PRC
1370,8133,Xin Wang,480.8,500,-19.2,1,Pancake Lake Open Presented by Dominion Outdoors,-19.2,1401,480.8,
1371,3948,James McNames,480.8,500,-19.2,1,2026 West Coast Redemption,-19.2,1403,480.8,
1372,129293,Olivier Hamel,480.6,500,-19.4,1,Sheepdog Showdown,-19.4,1405,480.6,
1373,120482,Steven Tabor,480.6,475.6,5.1,2,Sheepdog Showdown,5.6,1400,480.9,2026 Vortex Vengeance
1374,4374,Colton Backman,480.6,491.3,-10.8,1,SAPRL 2026 - Cactus Cup Presented By Lapua - PRS Pro Series (2 Day),-10.8,1406,480.6,
1375,8817,Tyler Thomas,480.2,500,-19.8,1,W.A.R. Rifles Shootout,-19.8,1407,480.2,
1376,2724,Michael Rosenblat,480.1,500,-19.9,2,Pancake Lake Open Presented by Dominion Outdoors,5.1,1274,495.0,Apex Rocky Mountain Challenge 2026
1377,5211,Brode Dennis,480.1,500,-19.9,1,THS Steel Challenge presented by TS Customs,-19.9,1409,480.1,
1378,12790,Rob Cumming,480.1,475.6,4.5,1,Berger Precision Challenge,4.5,1410,480.1,
1379,2993,Eric Peterson,479.7,466.4,13.3,3,W.A.R. Rifles Shootout,0.3,1412,479.7,
1380,585,Gabe herald,479.3,475.6,3.8,4,Foundation Stocks at Twisted Barrel Precision September 19th and 20th 2 day,39.5,1389,481.7,2026 Clay's Cartridge Co. Classic
1381,3533,Austin Jones,479.3,429.3,50.0,1,2026 Impact Foundation PRC,50.0,1414,479.3,
1382,13969,Zach Young,479.2,500,-20.8,1,Twisted Barrel Precision Scorcher IV by Leupold,-20.8,1415,479.2,
1383,33501,Nigel Gordon,479.1,475,4.1,1,Gravestone Cowtown Classic,4.1,1417,479.1,
1384,123938,Cordell Huebsch,478.9,500,-21.1,1,Bullet Central Northern Lights Classic presented by: Bix’n Andy,-21.1,1418,478.9,
1385,3364,Andrew Wolfe,478.8,500,-21.2,1,Pancake Lake Open Presented by Dominion Outdoors,-21.2,1419,478.8,
1386,10958,Laurie Tanner,478.8,500,-21.2,1,Foundation Stocks at Twisted Barrel Precision September 19th and 20th 2 day,-21.2,1420,478.8,
1387,121200,Adam Downing,478.8,500,-21.2,1,2026 West Coast Redemption,-21.2,1421,478.8,
1388,10848,Andy McCulloch,478.3,503.3,-25.0,1,Gravestone Cowtown Classic,-25.0,1422,478.3,
1389,13639,Damien Martel,478.1,500,-21.9,2,Pancake Lake Open Presented by Dominion Outdoors,3.1,1288,493.0,Bullet Central Northern Lights Classic presented by: Bix’n Andy
1390,7273,Cody Blank,478.0,475.6,2.5,1,2026 Alpha-Munitions Nut Crusher,2.5,1424,478.0,
1391,6112,david sutter,477.9,446.7,31.2,1,2026 Leupold Best In Texas,31.2,1425,477.9,
1392,2907,Taedum Whitehead,477.8,500,-22.2,2,SAPRL 2026 - Cactus Cup Presented By Lapua - PRS Pro Series (2 Day),-25.0,1210,502.8,SAPRL 2026 - Cactus Cup Presented By Lapua - PRS Pro Series (2 Day)
1393,10701,Matthew Simpson,477.8,475.6,2.3,1,Desert Chaos,2.3,1426,477.8,
1394,8074,Grant Coy,477.8,514.2,-36.4,3,WI Barrel Maker 2.0,-8.7,1391,481.7,2026 Vortex Vengeance
1395,1731,Anthony Bujak,477.7,502.7,-25.0,1,Apex Rocky Mountain Challenge 2026,-25.0,1427,477.7,
1396,930,Eric McCowen,477.6,446.1,31.5,3,SILENT NIGHT presented by SILENCERCO,6.5,1281,494.6,Twisted Barrel Precision Scorcher IV by Leupold
1397,7543,Charles Roberts,477.3,527.3,-50.0,2,Desert Chaos,-25.0,1215,502.3,Gravestone Cowtown Classic
1398,121457,Chris Ferguson,477.3,500,-22.7,1,Pigg River Precision H.A.M Presented by Leupold Optics,-22.7,1428,477.3,
1399,12997,Bill Levy,477.2,500,-22.8,1,Short Action Customs Steel Challenge,-22.8,1429,477.2,
1400,129505,Darin Den Hood,477.2,500,-22.8,1,SAPRL 2026 - Cactus Cup Presented By Lapua - PRS Pro Series (2 Day),-22.8,1430,477.2,
1401,6609,Jacob Johnson,477.0,450.6,26.4,1,2026 MDT Barrel Burner at The Lead Farm,26.4,1431,477.0,
1402,8250,Danielle Sanders,477.0,500,-23.0,1,SILENT NIGHT presented by SILENCERCO,-23.0,1432,477.0,
1403,1892,Justin Petrovich,476.9,451.9,25.0,2,WI Barrel Maker 2.0,-25.0,1219,501.9,WI Barrel Maker 2.0
1404,5743,Phil Meinert,476.9,500,-23.1,1,Bullet Central Northern Lights Classic presented by: Bix’n Andy,-23.1,1433,476.9,
1405,6303,Braden Koyle,476.8,500,-23.2,1,Parma Precision Rifle Rumble VIII presented by Burris Optics,-23.2,1434,476.8,
1406,6942,Chopped Unc Ted,476.8,500,-23.2,1,2026 West Coast Redemption,-23.2,1436,476.8,
1407,38272,Clint Burns,476.6,500,-23.4,1,Sheepdog Showdown,-23.4,1437,476.6,
1408,4969,Alexis Rabun,476.5,475.6,1.0,2,2026 Federal Gold Medal Match- Pro Series Qualifier,23.7,1317,490.1,2026 Clinton House Chaos Presented by Vortex
1409,10312,matthew Scott,476.4,495.2,-18.9,1,2026 Federal Gold Medal Match- Pro Series Qualifier,-18.9,1438,476.4,
1410,38294,Eric Paul,476.3,500,-23.7,1,2026 Peterson Cartridge Challenge,-23.7,1439,476.3,
1411,7028,Sean Bolopue,476.3,489.6,-13.4,5,W.A.R. Rifles Shootout,-12.4,1379,483.1,Sheepdog Showdown
1412,26972,Jason Dellinger,476.2,427.2,49.0,1,K&M Kahles Precision Rifle Competition PRS Pro Series Qualifier,49.0,1440,476.2,
1413,5981,william stinger,476.1,475.6,0.6,1,2026 Snake River Standoff by Lone Peak,0.6,1441,476.1,
1414,4884,Kris Caprarie,475.9,475,0.9,1,2026 MDT Midsummer Madness PRS 2-day Pro Series Qualifier,0.9,1443,475.9,
1415,1044,Hae Jeung,475.4,475.6,-0.1,2,Gunline Shooting Magnolia Madness,11.7,1404,480.7,A-Team PRC
1416,14675,Quentin Morgan,475.3,475.6,-0.2,2,2026 Peterson Cartridge Challenge,18.5,1363,485.1,2026 Clinton House Chaos Presented by Vortex
1417,3515,Jordan Beckman,475,500,-25,1,2026 Southern Iowa Showdown presented by ZEISS,-25,1449,475,
1418,13349,Cody Nickoloff,475,500,-25,1,Short Action Customs Steel Challenge,-25,1450,475,
1419,37736,Dawson dethlefs,475,500,-25,1,Short Action Customs Steel Challenge,-25,1451,475,
1420,3120,Aaron Black,475,500,-25,1,Short Action Customs Steel Challenge,-25,1453,475,
1421,35001,Shane Martes,475,500,-25,1,Parma Precision Rifle Rumble VIII presented by Burris Optics,-25,1455,475,
1422,13561,Francesco Roggia,475,500,-25,1,Parma Precision Rifle Rumble VIII presented by Burris Optics,-25,1456,475,
1423,10424,Bennett Speelmon,475,500,-25,1,Parma Precision Rifle Rumble VIII presented by Burris Optics,-25,1457,475,
1424,33593,Ricardo Olivieri,475,500,-25,1,K&M Kahles Precision Rifle Competition PRS Pro Series Qualifier,-25,1458,475,
1425,129459,Nathan Whitney,475,500,-25,1,K&M Kahles Precision Rifle Competition PRS Pro Series Qualifier,-25,1459,475,
1426,126271,Evan Johnson,475,500,-25,1,K&M Kahles Precision Rifle Competition PRS Pro Series Qualifier,-25,1460,475,
1427,35966,Bob Kononiuk,475,500,-25,1,K&M Kahles Precision Rifle Competition PRS Pro Series Qualifier,-25,1461,475,
1428,24615,Daniel Talley,475,500,-25,1,K&M Kahles Precision Rifle Competition PRS Pro Series Qualifier,-25,1463,475,
1429,12885,Rhett Gum,475,500,-25,1,K&M Kahles Precision Rifle Competition PRS Pro Series Qualifier,-25,1464,475,
1430,127822,Phil Mayer,475,500,-25,1,K&M Kahles Precision Rifle Competition PRS Pro Series Qualifier,-25,1465,475,
1431,121969,Ethan Hamm,475,500,-25,1,K&M Kahles Precision Rifle Competition PRS Pro Series Qualifier,-25,1467,475,
1432,19736,Daniel Jackson,475,500,-25,1,K&M Kahles Precision Rifle Competition PRS Pro Series Qualifier,-25,1468,475,
1433,129142,Jason Langenfeld,475,500,-25,1,K&M Kahles Precision Rifle Competition PRS Pro Series Qualifier,-25,1469,475,
1434,129141,Blake Boudreaux,475,500,-25,1,K&M Kahles Precision Rifle Competition PRS Pro Series Qualifier,-25,1470,475,
1435,37474,Scott Bailey,475,500,-25,1,K&M Kahles Precision Rifle Competition PRS Pro Series Qualifier,-25,1471,475,
1436,129352,Beeker Hughes,475,500,-25,1,K&M Kahles Precision Rifle Competition PRS Pro Series Qualifier,-25,1472,475,
1437,33886,Matthew Merritt,475,500,-25,1,2026 Thunder Beast Arms Co King of Coal Canyon,-25,1473,475,
1438,124978,Mark Olguin,475,500,-25,1,2026 Thunder Beast Arms Co King of Coal Canyon,-25,1474,475,
1439,9839,Bryan Koepp,475,500,-25,1,2026 Thunder Beast Arms Co King of Coal Canyon,-25,1475,475,
1440,7237,Ryley Enns,475,500,-25,1,SAPRL 2026 - Cactus Cup Presented By Lapua - PRS Pro Series (2 Day),-25,1476,475,
1441,125078,Vincent Halis,475,500,-25,1,SAPRL 2026 - Cactus Cup Presented By Lapua - PRS Pro Series (2 Day),-25,1478,475,
1442,4129,Philippe Chiasson,475,500,-25,1,SAPRL 2026 - Cactus Cup Presented By Lapua - PRS Pro Series (2 Day),-25,1479,475,
1443,4844,Lance Steinke,475,500,-25,1,SAPRL 2026 - Cactus Cup Presented By Lapua - PRS Pro Series (2 Day),-25,1480,475,
1444,5294,Ryan Telkamp,475,500,-25,1,SAPRL 2026 - Cactus Cup Presented By Lapua - PRS Pro Series (2 Day),-25,1482,475,
1445,8400,Michael Maron,475,500,-25,1,Pigg River Precision H.A.M Presented by Leupold Optics,-25,1483,475,
1446,9066,Dylan DD,475,500,-25,1,Pigg River Precision H.A.M Presented by Leupold Optics,-25,1484,475,
1447,11099,Mike Ortiz,475,500,-25,1,Pigg River Precision H.A.M Presented by Leupold Optics,-25,1485,475,
1448,9634,Wesley Streicker,475,500,-25,1,Pigg River Precision H.A.M Presented by Leupold Optics,-25,1486,475,
1449,121455,Carlton Corriher,475,500,-25,1,Pigg River Precision H.A.M Presented by Leupold Optics,-25,1487,475,
1450,9928,Bob Pelletier,475,500,-25,1,Pigg River Precision H.A.M Presented by Leupold Optics,-25,1488,475,
1451,3342,Lee Jones,475,500,-25,1,Pigg River Precision H.A.M Presented by Leupold Optics,-25,1489,475,
1452,128175,James Aiken,475,500,-25,1,Pigg River Precision H.A.M Presented by Leupold Optics,-25,1490,475,
1453,8764,Mya Meinert,475,500,-25,1,Bullet Central Northern Lights Classic presented by: Bix’n Andy,-25,1491,475,
1454,3442,Elliott Stone,475,500,-25,1,Bullet Central Northern Lights Classic presented by: Bix’n Andy,-25,1492,475,
1455,5749,Collin Wehri,475,500,-25,1,Bullet Central Northern Lights Classic presented by: Bix’n Andy,-25,1493,475,
1456,5591,Addison Wehri,475,500,-25,1,Bullet Central Northern Lights Classic presented by: Bix’n Andy,-25,1494,475,
1457,37639,Ryan McClanahan,475,500,-25,1,2026 Hodgdon Punisher Positional,-25,1495,475,
1458,36964,Tim Cronce,475,500,-25,1,2026 Hodgdon Punisher Positional,-25,1497,475,
1459,121890,Sam Ward,475,500,-25,1,2026 MDT Midsummer Madness PRS 2-day Pro Series Qualifier,-25,1499,475,
1460,128268,Braden Batsford,475,500,-25,1,2026 MDT Midsummer Madness PRS 2-day Pro Series Qualifier,-25,1500,475,
1461,3547,Robin Chahal,475,500,-25,1,2026 MDT Midsummer Madness PRS 2-day Pro Series Qualifier,-25,1501,475,
1462,5562,Timothy Meheden,475,500,-25,1,2026 MDT Midsummer Madness PRS 2-day Pro Series Qualifier,-25,1502,475,
1463,123741,Mason Johnston,475,500,-25,1,2026 MDT Midsummer Madness PRS 2-day Pro Series Qualifier,-25,1503,475,
1464,121915,Anton Reventsov,475,500,-25,1,2026 MDT Midsummer Madness PRS 2-day Pro Series Qualifier,-25,1505,475,
1465,6976,Corey Hall,475,500,-25,1,2026 MDT Midsummer Madness PRS 2-day Pro Series Qualifier,-25,1506,475,
1466,12622,Keane Yu,475,500,-25,1,2026 MDT Midsummer Madness PRS 2-day Pro Series Qualifier,-25,1507,475,
1467,9387,Jared Krause,475,500,-25,1,2026 MDT Midsummer Madness PRS 2-day Pro Series Qualifier,-25,1508,475,
1468,9382,Mat Heard,475,500,-25,1,2026 MDT Midsummer Madness PRS 2-day Pro Series Qualifier,-25,1509,475,
1469,9378,Matt Briggs,475,500,-25,1,2026 MDT Midsummer Madness PRS 2-day Pro Series Qualifier,-25,1510,475,
1470,9389,Steven Stratidakis,475,500,-25,1,2026 MDT Midsummer Madness PRS 2-day Pro Series Qualifier,-25,1511,475,
1471,130536,Viktor Nosov,475,500,-25,1,2026 MDT Midsummer Madness PRS 2-day Pro Series Qualifier,-25,1512,475,
1472,6555,Malcolm Monsour,475,500,-25,1,2026 MDT Midsummer Madness PRS 2-day Pro Series Qualifier,-25,1514,475,
1473,2879,Mike Dawson,475,500,-25,1,2026 MDT Midsummer Madness PRS 2-day Pro Series Qualifier,-25,1515,475,
1474,3548,Alex Smith,475,500,-25,1,2026 MDT Midsummer Madness PRS 2-day Pro Series Qualifier,-25,1516,475,
1475,2731,Tracy Seibert,475,500,-25,1,2026 MDT Midsummer Madness PRS 2-day Pro Series Qualifier,-25,1517,475,
1476,2239,Jeremy Barton,475,500,-25,1,2026 Hornady PRC,-25,1518,475,
1477,38525,Dusty Goble,475,500,-25,1,2026 Hornady PRC,-25,1519,475,
1478,37355,Andrius Braziulis,475,500,-25,1,2026 Hornady PRC,-25,1520,475,
1479,915,Matt Carlson,475,500,-25,1,2026 Hornady PRC,-25,1521,475,
1480,122030,Shawn Brown,475,500,-25,1,2026 Hornady PRC,-25,1522,475,
1481,7582,Jakob Ray,475,500,-25,1,2026 Hornady PRC,-25,1523,475,
1482,129329,TREVOR DAVENPORT,475,500,-25,1,2026 Hornady PRC,-25,1524,475,
1483,35746,Jonathan Walker,475,500,-25,1,2026 Hornady PRC,-25,1525,475,
1484,121593,Arthur Rangel,475,500,-25,1,2026 Hornady PRC,-25,1526,475,
1485,119801,Adam Rubalcaba,475,500,-25,1,2026 Hornady PRC,-25,1527,475,
1486,12791,Jake Etcheverria,475,500,-25,1,Twisted Barrel Precision Scorcher IV by Leupold,-25,1528,475,
1487,124135,Jill Langenfeld,475,500,-25,1,Twisted Barrel Precision Scorcher IV by Leupold,-25,1529,475,
1488,120271,johnathon hjelle,475,500,-25,1,Twisted Barrel Precision Scorcher IV by Leupold,-25,1530,475,
1489,122915,Dustin Few,475,500,-25,1,Twisted Barrel Precision Scorcher IV by Leupold,-25,1531,475,
1490,8131,"William ""Buddy"" Masters",475,500,-25,1,Twisted Barrel Precision Scorcher IV by Leupold,-25,1532,475,
1491,13906,jason grbavac,475,500,-25,1,Apex Rocky Mountain Challenge 2026,-25,1534,475,
1492,7491,Jay Carter,475,500,-25,1,Apex Rocky Mountain Challenge 2026,-25,1537,475,
1493,8263,Garrett Doeksen,475,500,-25,1,Apex Rocky Mountain Challenge 2026,-25,1538,475,
1494,4367,Derek Kines,475,500,-25,1,Apex Rocky Mountain Challenge 2026,-25,1539,475,
1495,125077,Jason Hewlett,475,500,-25,1,Apex Rocky Mountain Challenge 2026,-25,1540,475,
1496,126453,Waldo Volschenk,475,500,-25,1,Apex Rocky Mountain Challenge 2026,-25,1541,475,
1497,122383,Daryl Rissling,475,500,-25,1,Apex Rocky Mountain Challenge 2026,-25,1542,475,
1498,133228,Brandyn Lang,475,500,-25,1,Apex Rocky Mountain Challenge 2026,-25,1543,475,
1499,125073,Ryan Fee,475,500,-25,1,Apex Rocky Mountain Challenge 2026,-25,1544,475,
1500,37595,Trey Lidbury,475,500,-25,1,Apex Rocky Mountain Challenge 2026,-25,1545,475,
1501,125642,Ryan Schroeder,475,500,-25,1,Apex Rocky Mountain Challenge 2026,-25,1546,475,
1502,125109,Jyles Bowland,475,500,-25,1,Apex Rocky Mountain Challenge 2026,-25,1547,475,
1503,4878,Colten Gilpin,475,500,-25,1,Apex Rocky Mountain Challenge 2026,-25,1548,475,
1504,120262,Trevor Leenstra,475,500,-25,1,Apex Rocky Mountain Challenge 2026,-25,1549,475,
1505,124947,Jack purkiss,475,500,-25,1,Apex Rocky Mountain Challenge 2026,-25,1550,475,
1506,7644,Erin Bergman,475,500,-25,1,Apex Rocky Mountain Challenge 2026,-25,1551,475,
1507,122707,Doug Kindelspire,475,500,-25,1,THS Steel Challenge presented by TS Customs,-25,1552,475,
1508,123815,Shayne Anderson,475,500,-25,1,THS Steel Challenge presented by TS Customs,-25,1553,475,
1509,128108,Walker Kaufmann,475,500,-25,1,THS Steel Challenge presented by TS Customs,-25,1554,475,
1510,1041,Christopher Gilbert,475,500,-25,1,THS Steel Challenge presented by TS Customs,-25,1555,475,
1511,126456,Joshua Brandt,475,500,-25,1,THS Steel Challenge presented by TS Customs,-25,1556,475,
1512,131432,Andrew de Tablan,475,500,-25,1,Sheepdog Showdown,-25,1557,475,
1513,122543,Josselin Gregory,475,500,-25,1,Sheepdog Showdown,-25,1558,475,
1514,9445,Chris Souza,475,500,-25,1,Sheepdog Showdown,-25,1559,475,
1515,9435,Zac Tavares,475,500,-25,1,Sheepdog Showdown,-25,1560,475,
1516,34684,Jamison Engels,475,500,-25,1,Sheepdog Showdown,-25,1561,475,
1517,6973,Rick Marshall,475,500,-25,1,Sheepdog Showdown,-25,1562,475,
1518,10721,Marc-Andre Gallant,475,500,-25,1,Sheepdog Showdown,-25,1563,475,
1519,125400,Francois Guindon,475,500,-25,1,Sheepdog Showdown,-25,1564,475,
1520,34702,Kevin Washam,475,500,-25,1,2026 SAC SIZZLER,-25,1566,475,
1521,131558,Sam Bunnell,475,500,-25,1,2026 SAC SIZZLER,-25,1567,475,
1522,38126,David Martian,475,500,-25,1,2026 SAC SIZZLER,-25,1568,475,
1523,126812,Ethan Boggs,475,500,-25,1,2026 SAC SIZZLER,-25,1570,475,
1524,38337,Jim Hettinger,475,500,-25,1,2026 SAC SIZZLER,-25,1571,475,
1525,6704,Jerry Lu,475,500,-25,1,Pancake Lake Open Presented by Dominion Outdoors,-25,1572,475,
1526,2663,Ray Mackelson,475,500,-25,1,Pancake Lake Open Presented by Dominion Outdoors,-25,1573,475,
1527,4099,Jacalyn thoren,475,500,-25,1,Pancake Lake Open Presented by Dominion Outdoors,-25,1574,475,
1528,4858,Mike Goncz,475,500,-25,1,Pancake Lake Open Presented by Dominion Outdoors,-25,1575,475,
1529,129295,Tao Wu,475,500,-25,1,Pancake Lake Open Presented by Dominion Outdoors,-25,1576,475,
1530,4050,James Kopec,475,500,-25,1,Pancake Lake Open Presented by Dominion Outdoors,-25,1577,475,
1531,132016,Gavin Coffin,475,500,-25,1,Pancake Lake Open Presented by Dominion Outdoors,-25,1578,475,
1532,131793,Luc McLaren,475,500,-25,1,Pancake Lake Open Presented by Dominion Outdoors,-25,1579,475,
1533,4061,Jesse Kopec,475,500,-25,1,Pancake Lake Open Presented by Dominion Outdoors,-25,1580,475,
1534,2664,Francesca Bell,475,500,-25,1,Pancake Lake Open Presented by Dominion Outdoors,-25,1581,475,
1535,121159,Buzzz Miller,475,500,-25,1,SILENT NIGHT presented by SILENCERCO,-25,1582,475,
1536,132608,Brody Coffman,475,500,-25,1,SILENT NIGHT presented by SILENCERCO,-25,1583,475,
1537,132629,Casey Miller,475,500,-25,1,SILENT NIGHT presented by SILENCERCO,-25,1584,475,
1538,121497,Matthew Breault,475,500,-25,1,2026 Peterson Cartridge Challenge,-25,1585,475,
1539,132798,Dale Mccully,475,500,-25,1,2026 Peterson Cartridge Challenge,-25,1586,475,
1540,132873,Benjamin Rebuck,475,500,-25,1,2026 Peterson Cartridge Challenge,-25,1587,475,
1541,9091,Gary Parkhill,475,500,-25,1,2026 Peterson Cartridge Challenge,-25,1588,475,
1542,130479,Tanner Cantrell,475,500,-25,1,2026 Manners Mayhem,-25,1589,475,
1543,127814,Gunnar Knight,475,500,-25,1,2026 Manners Mayhem,-25,1590,475,
1544,126604,Jack Griese,475,500,-25,1,WI Barrel Maker 2.0,-25,1591,475,
1545,36007,Mark Jorgensen,475,500,-25,1,WI Barrel Maker 2.0,-25,1592,475,
1546,27957,Mike Agamaite,475,500,-25,1,WI Barrel Maker 2.0,-25,1593,475,
1547,129467,Patrick Ritzel,475,500,-25,1,WI Barrel Maker 2.0,-25,1594,475,
1548,3539,Andrew Andrusko,475,500,-25,1,WI Barrel Maker 2.0,-25,1595,475,
1549,124239,Jack Pardy,475,500,-25,1,WI Barrel Maker 2.0,-25,1596,475,
1550,12467,Daniel Swackhamer,475,500,-25,1,WI Barrel Maker 2.0,-25,1597,475,
1551,38325,Cedrick Judson,475,500,-25,1,WI Barrel Maker 2.0,-25,1598,475,
1552,8334,Scott Haney,475,500,-25,1,2026 Impact Foundation PRC,-25,1600,475,
1553,25672,Gerrad Payton,475,500,-25,1,2026 Impact Foundation PRC,-25,1601,475,
1554,3309,Randy Ames,475,500,-25,1,2026 Impact Foundation PRC,-25,1602,475,
1555,136231,Sean O'Halloran,475,500,-25,1,2026 Impact Foundation PRC,-25,1603,475,
1556,4754,Sody Soderstrom,475,500,-25,1,2026 Impact Foundation PRC,-25,1604,475,
1557,124271,Joe Baker,475,500,-25,1,2026 Impact Foundation PRC,-25,1605,475,
1558,36791,Colby Oates,475,500,-25,1,2026 Impact Foundation PRC,-25,1606,475,
1559,125440,Jason Murley,475,500,-25,1,2026 Impact Foundation PRC,-25,1607,475,
1560,135201,Kody Graves,475,500,-25,1,2026 Impact Foundation PRC,-25,1608,475,
1561,122237,Sky Killian,475,500,-25,1,2026 Impact Foundation PRC,-25,1609,475,
1562,13447,Mike Weatherly,475,500,-25,1,2026 Impact Foundation PRC,-25,1610,475,
1563,7186,Aubrey Walters,475,500,-25,1,2026 Federal Gold Medal Match- Pro Series Qualifier,-25,1611,475,
1564,132985,Hunter Boyett,475,500,-25,1,2026 Federal Gold Medal Match- Pro Series Qualifier,-25,1612,475,
1565,3291,Katie Mason,475,500,-25,1,2026 Federal Gold Medal Match- Pro Series Qualifier,-25,1613,475,
1566,135955,Alex Adams,475,500,-25,1,2026 Federal Gold Medal Match- Pro Series Qualifier,-25,1614,475,
1567,134350,John Rea,475,500,-25,1,2026 Federal Gold Medal Match- Pro Series Qualifier,-25,1615,475,
1568,10322,Ransom Williams,475,500,-25,1,2026 Federal Gold Medal Match- Pro Series Qualifier,-25,1616,475,
1569,4912,Kyle Weston,475,500,-25,1,2026 West Coast Redemption,-25,1617,475,
1570,12656,Ben Monson,475,500,-25,1,2026 West Coast Redemption,-25,1618,475,
1571,1691,Blair Mason,475,500,-25,1,2026 West Coast Redemption,-25,1619,475,
1572,130197,Kevin Taylor,475,500,-25,1,2026 West Coast Redemption,-25,1620,475,
1573,37557,Sergey Elikh,475,500,-25,1,2026 West Coast Redemption,-25,1621,475,
1574,5752,Robert Dixson,475,500,-25,1,2026 West Coast Redemption,-25,1622,475,
1575,8239,Ryan Weeks,475,500,-25,1,2026 West Coast Redemption,-25,1623,475,
1576,12737,Ben Tadiar,475,500,-25,1,Foundation Stocks at Twisted Barrel Precision September 19th and 20th 2 day,-25,1624,475,
1577,9794,Derek Healy,475,500,-25,1,Foundation Stocks at Twisted Barrel Precision September 19th and 20th 2 day,-25,1625,475,
1578,7872,Johan Lindberg,475,500,-25,1,Foundation Stocks at Twisted Barrel Precision September 19th and 20th 2 day,-25,1626,475,
1579,11948,John Noy,475,500,-25,1,Foundation Stocks at Twisted Barrel Precision September 19th and 20th 2 day,-25,1627,475,
1580,6489,Luke Keller,475,500,-25,1,Foundation Stocks at Twisted Barrel Precision September 19th and 20th 2 day,-25,1628,475,
1581,13338,Edward Bickford,475,500,-25,1,Foundation Stocks at Twisted Barrel Precision September 19th and 20th 2 day,-25,1629,475,
1582,1204,Mohsin Tajbhai,475,500,-25,1,Foundation Stocks at Twisted Barrel Precision September 19th and 20th 2 day,-25,1630,475,
1583,12686,Clive Gamlin,475,500,-25,1,Foundation Stocks at Twisted Barrel Precision September 19th and 20th 2 day,-25,1631,475,
1584,37229,nathan foster,475,500,-25,1,Foundation Stocks at Twisted Barrel Precision September 19th and 20th 2 day,-25,1632,475,
1585,12744,David Blake,475,500,-25,1,Foundation Stocks at Twisted Barrel Precision September 19th and 20th 2 day,-25,1633,475,
1586,1412,James Walker,475,500,-25,1,Foundation Stocks at Twisted Barrel Precision September 19th and 20th 2 day,-25,1634,475,
1587,119497,Robert Griffiths,475,500,-25,1,Foundation Stocks at Twisted Barrel Precision September 19th and 20th 2 day,-25,1635,475,
1588,10963,Lance Manins,475,500,-25,1,Foundation Stocks at Twisted Barrel Precision September 19th and 20th 2 day,-25,1636,475,
1589,124974,Suzanne Bate,475,500,-25,1,Foundation Stocks at Twisted Barrel Precision September 19th and 20th 2 day,-25,1637,475,
1590,12402,Freya Mcvey,475,500,-25,1,Foundation Stocks at Twisted Barrel Precision September 19th and 20th 2 day,-25,1638,475,
1591,9823,Vitaliy Vyshtykalyuk,475,500,-25,1,Foundation Stocks at Twisted Barrel Precision September 19th and 20th 2 day,-25,1639,475,
1592,3679,Alexandru Trufas,475,500,-25,1,Foundation Stocks at Twisted Barrel Precision September 19th and 20th 2 day,-25,1640,475,
1593,4191,William Watt,475,500,-25,1,Foundation Stocks at Twisted Barrel Precision September 19th and 20th 2 day,-25,1641,475,
1594,3708,Brady Forgacs,475,500,-25,1,Foundation Stocks at Twisted Barrel Precision September 19th and 20th 2 day,-25,1642,475,
1595,12781,Jennifer Hoodless,475,500,-25,1,Foundation Stocks at Twisted Barrel Precision September 19th and 20th 2 day,-25,1643,475,
1596,3596,Roger Lee,475,500,-25,1,Foundation Stocks at Twisted Barrel Precision September 19th and 20th 2 day,-25,1644,475,
1597,9113,Dexter Spedding,475,500,-25,1,Foundation Stocks at Twisted Barrel Precision September 19th and 20th 2 day,-25,1645,475,
1598,8303,Jarlath Dodd,475,500,-25,1,Foundation Stocks at Twisted Barrel Precision September 19th and 20th 2 day,-25,1646,475,
1599,119160,James McKiernan,475,500,-25,1,Foundation Stocks at Twisted Barrel Precision September 19th and 20th 2 day,-25,1647,475,
1600,135140,Dallas Dixon,475,500,-25,1,Foundation Stocks at Twisted Barrel Precision September 19th and 20th 2 day,-25,1648,475,
1601,120302,Aidas Dilys,475,500,-25,1,Foundation Stocks at Twisted Barrel Precision September 19th and 20th 2 day,-25,1649,475,
1602,9779,Gerry Conlon,475,500,-25,1,Foundation Stocks at Twisted Barrel Precision September 19th and 20th 2 day,-25,1650,475,
1603,22854,Alan Lynch,475,500,-25,1,Foundation Stocks at Twisted Barrel Precision September 19th and 20th 2 day,-25,1651,475,
1604,12092,Niclas Söder,475,500,-25,1,Foundation Stocks at Twisted Barrel Precision September 19th and 20th 2 day,-25,1652,475,
1605,10758,Aaron Kochick,475,500,-25,1,W.A.R. Rifles Shootout,-25,1653,475,
1606,122216,James Carkner,474.9,475.6,-0.6,1,2026 MDT Barrel Burner at The Lead Farm,-0.6,1654,474.9,
1607,3509,Chad Olson,474.7,484.4,-9.6,2,Bullet Central Northern Lights Classic presented by: Bix’n Andy,13.7,1322,489.7,Berger Precision Challenge
1608,5713,Stefan Andermann,474.6,475.6,-0.9,1,Gunline Shooting Magnolia Madness,-0.9,1655,474.6,
1609,4553,Mark Meinders,474.5,500,-25.5,2,2026 Hodgdon Punisher Positional,-0.5,1357,486.2,K&M Kahles Precision Rifle Competition PRS Pro Series Qualifier
1610,10663,David Eychaner,474.3,499.3,-25.0,1,Foundation Stocks at Twisted Barrel Precision September 19th and 20th 2 day,-25.0,1657,474.3,
1611,12121,Jason Witzeling,474.2,475,-0.8,1,WI Barrel Maker 2.0,-0.8,1659,474.2,
1612,605,Justin Daniels,473.7,479.4,-5.7,2,2026 Koenig-Ruger PRC,-8.4,1385,482.1,2026 Koenig-Ruger PRC
1613,6980,Uriah E Grove,473.4,498.4,-25.0,1,2026 Leupold Best In Texas,-25.0,1661,473.4,
1614,13674,Jeffrey Gibbens,473.3,475.6,-2.2,2,2026 Leupold Best In Texas,22.8,1392,481.5,2026 Leupold Steel Classic PRS Match
1615,11180,John Plasky,472.9,425.7,47.2,2,2026 Clinton House Chaos Presented by Vortex,-2.8,1444,475.7,2026 Clinton House Chaos Presented by Vortex
1616,120924,David Shreckengost,472.7,475.6,-2.8,3,W.A.R. Rifles Shootout,34.8,1380,483.0,2026 Vortex Vengeance
1617,25663,Mark Itzstein,472.7,422.7,50.0,1,Gravestone Cowtown Classic,50.0,1664,472.7,
1618,13176,Antonio Williams,472.5,475.6,-3.1,3,2026 Hornady PRC,8.1,1435,476.8,2026 Koenig-Ruger PRC
1619,121413,Zachary Stambuck,472.4,500,-27.6,2,Foundation Stocks at Twisted Barrel Precision September 19th and 20th 2 day,-2.6,1599,475,2026 Impact Foundation PRC
1620,5735,Chris Haase,472.2,475.6,-3.3,1,2026 Southern Iowa Showdown presented by ZEISS,-3.3,1666,472.2,
1621,7230,Cheyanne Popp,472.0,436.4,35.6,3,Apex Rocky Mountain Challenge 2026,36.2,1423,478.0,Gravestone Cowtown Classic
1622,3512,Jon Geranen,471.9,425.0,46.9,1,2026 Southern Iowa Showdown presented by ZEISS,46.9,1668,471.9,
1623,8750,Chris Cloninger,471.8,475.6,-3.7,7,2026 Impact Foundation PRC,-25.0,1411,479.8,2026 Leupold Best In Texas
1624,9437,James Fazio,471.7,475.6,-3.8,4,2026 Peterson Cartridge Challenge,14.2,1377,483.3,Sheepdog Showdown
1625,37911,Frederic Laplante,471.7,475.6,-3.8,2,2026 Peterson Cartridge Challenge,-25.0,1262,496.7,2026 Peterson Cartridge Challenge
1626,2320,Ryan Holmquist,471.5,496.5,-25.0,1,2026 MDT Midsummer Madness PRS 2-day Pro Series Qualifier,-25.0,1671,471.5,
1627,6179,Sam Holcomb,471.4,475.1,-3.8,2,2026 Hornady PRC,-14.3,1361,485.7,2026 Hornady PRC
1628,121827,Ben Hunter,471.3,475.6,-4.2,1,2026 Leupold Best In Texas,-4.2,1673,471.3,
1629,38289,Brady Landry,471.3,475.6,-4.2,2,2026 Leupold Best In Texas,20.8,1413,479.5,2026 Leupold Steel Classic PRS Match
1630,38412,Bradley Formby,471.2,475.6,-4.3,1,MPA SPRING SHOOTOUT,-4.3,1675,471.2,
1631,11060,Moises Cigala,470.9,475.6,-4.6,4,2026 Impact Foundation PRC,8.0,1672,471.5,Gravestone Cowtown Classic
1632,13071,Kevin Beasley,470.8,475,-4.2,2,2026 Federal Gold Medal Match- Pro Series Qualifier,20.8,1359,485.8,A-Team PRC
1633,6364,jay cochran,470.7,511.6,-40.9,2,2026 SAC SIZZLER,-15.9,1355,486.6,2026 Vortex Vengeance
1634,11818,Cody Scott,470.5,475.6,-5.1,3,2026 Impact Foundation PRC,19.2,1660,473.8,2026 Leupold Steel Classic PRS Match
1635,5957,Tyler Clement,470.2,493.6,-23.3,1,2026 West Coast Redemption,-23.3,1679,470.2,
1636,2518,Ryan Martin,470.1,488.2,-18.1,1,2026 Hornady PRC,-18.1,1680,470.1,
1637,3237,parker smelley,469.5,448.4,21.1,2,2026 B&T Ind. LLC Box Canyon Showdown....Suppressors Only!,24.1,1674,471.3,Gravestone Cowtown Classic
1638,13266,Chandler Andrews,469.3,475.6,-6.2,1,2026 Leupold Best In Texas,-6.2,1683,469.3,
1639,14929,Brandon Haywood,468.9,480.9,-12.0,1,Gunline Shooting Magnolia Madness,-12.0,1686,468.9,
1640,13412,josh Somerville,468.6,464.4,4.2,1,Pigg River Precision H.A.M Presented by Leupold Optics,4.2,1687,468.6,
1641,10196,Mike Morgan,468.1,475.6,-7.4,1,2026 Snake River Standoff by Lone Peak,-7.4,1690,468.1,
1642,122405,Rahim Martin,467.7,500,-32.3,2,2026 Manners Mayhem,-7.3,1375,483.4,2026 Hodgdon Punisher Positional
1643,5373,Roger Turner,467.6,475.6,-8.0,3,THS Steel Challenge presented by TS Customs,5.6,1676,471.2,Berger Precision Challenge
1644,38324,Daniel Hicks,467.6,475,-7.4,1,2026 Federal Gold Medal Match- Pro Series Qualifier,-7.4,1693,467.6,
1645,2949,Rene Mertes,467.4,425.7,41.7,2,2026 SAC SIZZLER,-8.3,1445,475.7,2026 SAC SIZZLER
1646,18308,clayton Hergert,467.2,484.0,-16.8,1,2026 Snake River Standoff by Lone Peak,-16.8,1695,467.2,
1647,5111,Kent Marquess,467.0,475.6,-8.6,2,K&M Kahles Precision Rifle Competition PRS Pro Series Qualifier,16.4,1669,471.8,A-Team PRC
1648,2570,Christopher Scott,466.9,472.9,-6.0,4,2026 West Coast Redemption,22.6,1667,471.9,Short Action Customs Steel Challenge
1649,2589,Ethan Rall,466.9,475.6,-8.6,1,2026 MDT Barrel Burner at The Lead Farm,-8.6,1697,466.9,
1650,34832,Josh Schiemann,466.7,475,-8.3,1,Twisted Barrel Precision Scorcher IV by Leupold,-8.3,1698,466.7,
1651,10231,Dylan Wever,466.7,475.6,-8.8,1,2026 MDT FROSTBITE,-8.8,1699,466.7,
1652,4620,Joseph Andrews,466.3,511.3,-44.9,2,2026 Hornady PRC,-25.0,1309,491.3,2026 Hornady PRC
1653,1692,Jason Chipley,466.1,475.6,-9.4,1,2026 Snake River Standoff by Lone Peak,-9.4,1700,466.1,
1654,4934,Michael Schwartz,466.1,458.6,7.5,1,A-Team PRC,7.5,1701,466.1,
1655,34466,Braden Brownell,465.9,475.6,-9.6,2,2026 B&T Ind. LLC Box Canyon Showdown....Suppressors Only!,5.7,1658,474.3,2026 Southern Iowa Showdown presented by ZEISS
1656,12057,Ron williams,465.7,490.7,-25.0,1,K&M Kahles Precision Rifle Competition PRS Pro Series Qualifier,-25.0,1702,465.7,
1657,127561,Brian Decker,465.7,500,-34.3,2,2026 Manners Mayhem,-9.3,1393,481.4,2026 Hodgdon Punisher Positional
1658,1621,Case Holcomb,465.5,475.6,-10.0,5,2026 Alpha-Munitions Nut Crusher,-17.0,1681,470.1,2026 Leupold Steel Classic PRS Match
1659,360,Jerome Hernandez,465.5,468.2,-2.8,1,Berger Precision Challenge,-2.8,1703,465.5,
1660,1684,David Leatham,464.9,486.8,-21.9,4,2026 Hornady PRC,-25.0,1318,489.9,2026 Koenig-Ruger PRC
1661,121661,dorian matthews,464.9,475,-10.1,2,2026 Hornady PRC,-25.0,1319,489.9,2026 Hornady PRC
1662,37771,Mark Wenzel,464.7,475.6,-10.8,1,2026 MDT FROSTBITE,-10.8,1704,464.7,
1663,7043,Scott Shreve,464.3,471.1,-6.8,4,2026 Manners Mayhem,-14.9,1416,479.2,2026 Manners Mayhem
1664,33836,Josh Monbarren,464.3,475.6,-11.2,2,2026 Koenig-Ruger PRC,-11.7,1442,476.1,2026 Koenig-Ruger PRC
1665,5940,Adam Prpich,463.7,465.4,-1.7,2,Apex Rocky Mountain Challenge 2026,9.6,1692,467.8,SAPRL 2026 - Cactus Cup Presented By Lapua - PRS Pro Series (2 Day)
1666,11182,Kamilla Rocha,463.4,475.6,-12.2,5,Foundation Stocks at Twisted Barrel Precision September 19th and 20th 2 day,-25.0,1337,488.4,Foundation Stocks at Twisted Barrel Precision September 19th and 20th 2 day
1667,7009,D Lam,463.0,475.6,-12.5,1,2026 Vortex Vengeance,-12.5,1708,463.0,
1668,9029,Keagan Keener,463.0,488.0,-25.0,1,Foundation Stocks at Twisted Barrel Precision September 19th and 20th 2 day,-25.0,1709,463.0,
1669,9456,Kevin Dittoe,462.9,475.6,-12.6,1,2026 MDT Barrel Burner at The Lead Farm,-12.6,1710,462.9,
1670,1267,Brandon Tinker,462.8,487.8,-25.0,1,2026 MDT Barrel Burner at The Lead Farm,-25.0,1711,462.8,
1671,25202,Jonathon Sams,462.7,475.6,-12.8,1,2026 MDT FROSTBITE,-12.8,1712,462.7,
1672,36031,Matt Craft,462.6,475.6,-12.9,1,Gunline Shooting Magnolia Madness,-12.9,1713,462.6,
1673,2660,Michael Kirkland,462.1,475,-12.9,1,Pancake Lake Open Presented by Dominion Outdoors,-12.9,1715,462.1,
1674,10665,Nick Luneau,462.0,487.0,-25.0,1,Twisted Barrel Precision Scorcher IV by Leupold,-25.0,1716,462.0,
1675,4583,Cody Camino,462.0,475.6,-13.5,1,2026 Alpha-Munitions Nut Crusher,-13.5,1717,462.0,
1676,8550,Shaun Boles,461.3,475.6,-14.3,2,MPA SPRING SHOOTOUT,10.7,1446,475.4,A-Team PRC
1677,6598,Matthew Perrer,461.2,475.6,-14.3,1,MPA SPRING SHOOTOUT,-14.3,1718,461.2,
1678,2566,Cory Bibby,460.7,456.7,4.1,2,Short Action Customs Steel Challenge,-10.8,1670,471.6,Short Action Customs Steel Challenge
1679,8059,Michael Bodo,460.4,475.6,-15.2,3,W.A.R. Rifles Shootout,-22.8,1378,483.1,W.A.R. Rifles Shootout
1680,7451,Neil Davies,460.3,499.5,-39.2,2,2026 Manners Mayhem,-18.8,1656,474.5,2026 Hornady PRC
1681,33011,Kevin Wexler,460.1,475.6,-15.4,1,2026 Snake River Standoff by Lone Peak,-15.4,1721,460.1,
1682,7861,Brandon Escobedo,460.0,475.6,-15.5,1,2026 Koenig-Ruger PRC,-15.5,1722,460.0,
1683,36938,Boone Westfall,460.0,500,-40.0,2,2026 Impact Foundation PRC,-25.0,1364,485.0,2026 Impact Foundation PRC
1684,4986,Christy Hembree,459.9,446.7,13.2,3,2026 Manners Mayhem,6.0,1665,472.4,K&M Kahles Precision Rifle Competition PRS Pro Series Qualifier
1685,2584,JJ Coulter,459.8,483.5,-23.7,1,2026 MDT Barrel Burner at The Lead Farm,-23.7,1724,459.8,
1686,8927,Manuel Pacheco,459.7,475.6,-15.9,2,Sheepdog Showdown,9.1,1447,475.1,2026 Vortex Vengeance
1687,8197,Kyle Dekar,459.0,475.6,-16.5,1,2026 Vortex Vengeance,-16.5,1725,459.0,
1688,122315,Banks Pressley,458.8,475.6,-16.8,1,2026 Clinton House Chaos Presented by Vortex,-16.8,1728,458.8,
1689,35615,Brad Watts,458.6,500,-41.4,2,2026 Peterson Cartridge Challenge,-16.4,1565,475,Sheepdog Showdown
1690,37895,Lewis Preece,458.4,500,-41.6,2,Foundation Stocks at Twisted Barrel Precision September 19th and 20th 2 day,-16.6,1454,475,2026 Leupold Best In Texas
1691,6935,Thomas E Harris III,458.3,500,-41.7,2,2026 West Coast Redemption,-16.7,1452,475,Short Action Customs Steel Challenge
1692,4886,Shane Monsour,458.2,470.3,-12.1,2,Apex Rocky Mountain Challenge 2026,12.9,1694,467.6,2026 MDT Midsummer Madness PRS 2-day Pro Series Qualifier
1693,9696,Ken MacKenzie,458.1,450,8.1,1,Apex Rocky Mountain Challenge 2026,8.1,1732,458.1,
1694,8366,Charles Yu,458.0,475.6,-17.6,2,2026 MDT Midsummer Madness PRS 2-day Pro Series Qualifier,7.4,1688,468.3,2026 MDT Barrel Burner at The Lead Farm
1695,120150,Mason Wells,458.0,500,-42.0,2,2026 Impact Foundation PRC,-25.0,1381,483.0,2026 Impact Foundation PRC
1696,120799,Aaron Tinker,457.5,482.5,-25.0,1,2026 Thunder Beast Arms Co King of Coal Canyon,-25.0,1734,457.5,
1697,3195,Ivan Lardy,457.1,475.6,-18.4,1,2026 Clay's Cartridge Co. Classic,-18.4,1737,457.1,
1698,9788,Austin Potts,457.1,475.6,-18.5,2,2026 Hodgdon Punisher Positional,-11.1,1689,468.1,2026 Hodgdon Punisher Positional
1699,12404,Greg Ringle,456.6,500,-43.4,2,2026 West Coast Redemption,-23.5,1408,480.2,2026 West Coast Redemption
1700,2976,Tom McGrath,456.1,475.6,-19.4,2,2026 SAC SIZZLER,5.6,1682,469.6,2026 Vortex Vengeance
1701,741,Johann Harich,456.1,445.9,10.3,1,Desert Chaos,10.3,1741,456.1,
1702,343,Andrew Wilson,456.1,475.6,-19.5,1,Berger Precision Challenge,-19.5,1742,456.1,
1703,385,Sherwin Lagua,456.0,475.6,-19.5,1,2026 Alpha-Munitions Nut Crusher,-19.5,1743,456.0,
1704,11168,Bill Knight,455.8,475.6,-19.8,2,Twisted Barrel Precision Scorcher IV by Leupold,-25.0,1402,480.8,Twisted Barrel Precision Scorcher IV by Leupold
1705,121447,Jack Bergum,455.2,475.6,-20.3,2,SILENT NIGHT presented by SILENCERCO,4.7,1663,472.8,MPA SPRING SHOOTOUT
1706,13755,William Mooneyham,455.1,475.6,-20.4,1,2026 OKIE SHOWDOWN PRESENTED BY FOUNDATION STOCKS,-20.4,1746,455.1,
1707,1952,James Lesueur,455.1,475.6,-20.5,2,2026 MDT FROSTBITE,4.5,1685,468.9,A-Team PRC
1708,3121,Mason Mcdermott,454.9,475.6,-20.6,1,2026 MDT Barrel Burner at The Lead Farm,-20.6,1747,454.9,
1709,2725,Richard Bygd,454.9,475.6,-20.7,4,WI Barrel Maker 2.0,-6.2,1733,458.0,2026 Leupold Steel Classic PRS Match
1710,5689,Steven Chlan,454.3,475.6,-21.3,2,Apex Rocky Mountain Challenge 2026,3.7,1707,463.2,2026 Leupold Best In Texas
1711,319,Scott Woodhouse,454.3,473.6,-19.3,2,2026 Manners Mayhem,5.7,1678,471.0,2026 Hornady PRC
1712,8072,Mike Wilson,454.2,500,-45.8,2,SILENT NIGHT presented by SILENCERCO,-20.8,1462,475,K&M Kahles Precision Rifle Competition PRS Pro Series Qualifier
1713,13863,Chanler Clarke,454.2,500,-45.8,2,WI Barrel Maker 2.0,-20.8,1496,475,2026 Hodgdon Punisher Positional
1714,10478,Peter Salomon,454.1,500,-45.9,3,2026 West Coast Redemption,-7.7,1720,460.4,Short Action Customs Steel Challenge
1715,7334,Andrew Liu,454.1,475.6,-21.5,1,Berger Precision Challenge,-21.5,1748,454.1,
1716,3149,Terry Whaples,454.0,450.8,3.2,3,2026 SAC SIZZLER,17.4,1744,455.8,2026 MDT FROSTBITE
1717,2962,John Blichmann,453.9,435.0,18.9,1,2026 MDT FROSTBITE,18.9,1749,453.9,
1718,37715,Sam Hoskins,453.8,478.8,-25.0,1,Gravestone Cowtown Classic,-25.0,1751,453.8,
1719,7429,Kason Anthon,453.3,475.6,-22.2,2,W.A.R. Rifles Shootout,-14.5,1691,467.8,W.A.R. Rifles Shootout
1720,7433,Luke Roseen,453.3,466.8,-13.4,1,2026 Hornady PRC,-13.4,1753,453.3,
1721,16472,Eugene Jankowski Jr.,452.8,474.9,-22.1,1,2026 Vortex Vengeance,-22.1,1755,452.8,
1722,25496,Henry Berg,452.7,475.6,-22.8,1,2026 MDT FROSTBITE,-22.8,1756,452.7,
1723,6664,Justin smith,452.6,475,-22.4,1,Short Action Customs Steel Challenge,-22.4,1757,452.6,
1724,30805,Jackson Worster,452.2,475.6,-23.3,1,2026 Southern Iowa Showdown presented by ZEISS,-23.3,1758,452.2,
1725,13115,Bob Harris,452.1,475.6,-23.4,1,2026 Snake River Standoff by Lone Peak,-23.4,1759,452.1,
1726,6756,Joseph Briere,452.0,475.6,-23.5,1,2026 Koenig-Ruger PRC,-23.5,1760,452.0,
1727,519,Gary Dean,451.9,465.1,-13.3,1,2026 Leupold Steel Classic PRS Match,-13.3,1761,451.9,
1728,128178,Karl Ackerman,451.6,500,-48.4,2,2026 Federal Gold Medal Match- Pro Series Qualifier,-23.4,1569,475,2026 SAC SIZZLER
1729,13518,Todd Malaise,451.3,475.6,-24.2,1,2026 Leupold Best In Texas,-24.2,1762,451.3,
1730,6589,Travis Steinmetz,451.2,475.6,-24.3,1,MPA SPRING SHOOTOUT,-24.3,1763,451.2,
1731,126083,Dwayne Huddleston,451.1,475.6,-24.4,1,2026 OKIE SHOWDOWN PRESENTED BY FOUNDATION STOCKS,-24.4,1764,451.1,
1732,12647,Lance Newman,451.1,475.6,-24.4,2,2026 Impact Foundation PRC,-18.0,1684,469.1,2026 Impact Foundation PRC
1733,7694,Dwight Galenzoski,450.8,500,-49.2,2,Apex Rocky Mountain Challenge 2026,-24.2,1477,475,SAPRL 2026 - Cactus Cup Presented By Lapua - PRS Pro Series (2 Day)
1734,8396,Gianfranco Pisani,450.7,475.6,-24.8,1,2026 MDT FROSTBITE,-24.8,1765,450.7,
1735,3738,Tristan Galloway,450.7,440.6,10.1,3,Parma Precision Rifle Rumble VIII presented by Burris Optics,20.4,1735,457.4,2026 Snake River Standoff by Lone Peak
1736,898,Randy Barca,450.6,475.6,-24.9,1,Gunline Shooting Magnolia Madness,-24.9,1766,450.6,
1737,3521,Scott Gregory,450.6,471.5,-20.9,2,WI Barrel Maker 2.0,4.1,1706,464.6,2026 Southern Iowa Showdown presented by ZEISS
1738,35711,Tyson OGuinn,450.6,475.6,-25.0,1,Gravestone Cowtown Classic,-25.0,1767,450.6,
1739,35562,Chris Blouin,450.6,475.6,-25.0,1,Gravestone Cowtown Classic,-25.0,1768,450.6,
1740,37714,Danny Ochoa,450.6,475.6,-25.0,1,Gravestone Cowtown Classic,-25.0,1769,450.6,
1741,2312,Jonathan Nguyen,450.6,475.6,-25.0,1,Gravestone Cowtown Classic,-25.0,1770,450.6,
1742,6100,Blaine Blevins,450.6,475.6,-25.0,1,2026 Leupold Steel Classic PRS Match,-25.0,1771,450.6,
1743,16364,Gilberto Falcon,450.6,475.6,-25.0,1,2026 Leupold Steel Classic PRS Match,-25.0,1773,450.6,
1744,12068,Adrian Salinas,450.6,475.6,-25.0,1,2026 Leupold Steel Classic PRS Match,-25.0,1774,450.6,
1745,5029,Coy Grubbs,450.6,475.6,-25.0,1,2026 Leupold Steel Classic PRS Match,-25.0,1775,450.6,
1746,10802,Thomas Fuchsgruber,450.6,475.6,-25.0,1,2026 Leupold Steel Classic PRS Match,-25.0,1776,450.6,
1747,2002,Douglas Kennedy,450.6,475.6,-25.0,1,A-Team PRC,-25.0,1778,450.6,
1748,120368,Chris Cole,450.6,475.6,-25.0,1,A-Team PRC,-25.0,1779,450.6,
1749,468,Michael Weissman,450.6,475.6,-25.0,1,A-Team PRC,-25.0,1780,450.6,
1750,13948,David Lane,450.6,475.6,-25.0,1,Berger Precision Challenge,-25.0,1781,450.6,
1751,13711,andriy prystavskyy,450.6,475.6,-25.0,1,Berger Precision Challenge,-25.0,1782,450.6,
1752,12738,Alejandro Mancilla,450.6,475.6,-25.0,1,Berger Precision Challenge,-25.0,1783,450.6,
1753,1061,Ralph Albino,450.6,475.6,-25.0,1,Berger Precision Challenge,-25.0,1784,450.6,
1754,750,Jacob Happ,450.6,475.6,-25.0,1,Berger Precision Challenge,-25.0,1785,450.6,
1755,1657,Daniel Salazar,450.6,475.6,-25.0,1,Berger Precision Challenge,-25.0,1786,450.6,
1756,3766,Dennis Davidge,450.6,475.6,-25.0,1,Berger Precision Challenge,-25.0,1787,450.6,
1757,13922,Matt Bair,450.6,475.6,-25.0,1,Berger Precision Challenge,-25.0,1788,450.6,
1758,1670,Christopher de Vera,450.6,475.6,-25.0,1,Berger Precision Challenge,-25.0,1789,450.6,
1759,12721,Adam Pittman,450.6,475.6,-25.0,1,Berger Precision Challenge,-25.0,1791,450.6,
1760,12719,Leroy Brace,450.6,475.6,-25.0,1,Berger Precision Challenge,-25.0,1792,450.6,
1761,12727,Pete Wielebinski,450.6,475.6,-25.0,1,Berger Precision Challenge,-25.0,1793,450.6,
1762,38413,MICHAEL LOMBARDO,450.6,475.6,-25.0,1,MPA SPRING SHOOTOUT,-25.0,1794,450.6,
1763,27675,Alfonso Ramon,450.6,475.6,-25.0,1,MPA SPRING SHOOTOUT,-25.0,1795,450.6,
1764,11164,Clay Hinely,450.6,475.6,-25.0,1,MPA SPRING SHOOTOUT,-25.0,1796,450.6,
1765,121419,Michael Flint,450.6,475.6,-25.0,1,MPA SPRING SHOOTOUT,-25.0,1797,450.6,
1766,11160,scott gress,450.6,475.6,-25.0,1,MPA SPRING SHOOTOUT,-25.0,1799,450.6,
1767,121422,Ryan MacKenzie,450.6,475.6,-25.0,1,MPA SPRING SHOOTOUT,-25.0,1800,450.6,
1768,38557,Dayna Mowry,450.6,475.6,-25.0,1,MPA SPRING SHOOTOUT,-25.0,1801,450.6,
1769,121585,WC Hunt,450.6,475.6,-25.0,1,MPA SPRING SHOOTOUT,-25.0,1802,450.6,
1770,11169,Dominic (Dom) Larkin,450.6,475.6,-25.0,1,MPA SPRING SHOOTOUT,-25.0,1803,450.6,
1771,120589,Hunter Larson,450.6,475.6,-25.0,1,Desert Chaos,-25.0,1804,450.6,
1772,122028,Trevor Davenport,450.6,475.6,-25.0,1,Desert Chaos,-25.0,1805,450.6,
1773,2901,Jack Nichols,450.6,475.6,-25.0,1,2026 MDT Barrel Burner at The Lead Farm,-25.0,1806,450.6,
1774,11623,Valentin Berestnev,450.6,475.6,-25.0,1,2026 MDT Barrel Burner at The Lead Farm,-25.0,1807,450.6,
1775,9049,Erik Beaulieu,450.6,475.6,-25.0,1,2026 MDT Barrel Burner at The Lead Farm,-25.0,1809,450.6,
1776,37462,James Saunders,450.6,475.6,-25.0,1,2026 MDT Barrel Burner at The Lead Farm,-25.0,1810,450.6,
1777,10488,Michael Virgilio,450.6,475.6,-25.0,1,2026 MDT Barrel Burner at The Lead Farm,-25.0,1811,450.6,
1778,3529,Noah Lind,450.6,475.6,-25.0,1,2026 Southern Iowa Showdown presented by ZEISS,-25.0,1812,450.6,
1779,37577,Benjamin Martin,450.6,475.6,-25.0,1,2026 Southern Iowa Showdown presented by ZEISS,-25.0,1813,450.6,
1780,18389,"Annika ""It's My Birthday"" Schwarck",450.6,475.6,-25.0,1,2026 Southern Iowa Showdown presented by ZEISS,-25.0,1814,450.6,
1781,37354,Willie Manor,450.6,475.6,-25.0,1,2026 Southern Iowa Showdown presented by ZEISS,-25.0,1815,450.6,
1782,9294,Ryan Thurm,450.6,475.6,-25.0,1,2026 Southern Iowa Showdown presented by ZEISS,-25.0,1816,450.6,
1783,956,Ethan Rearick,450.6,475.6,-25.0,1,2026 Southern Iowa Showdown presented by ZEISS,-25.0,1818,450.6,
1784,120658,Matt Pobanz,450.6,475.6,-25.0,1,2026 Southern Iowa Showdown presented by ZEISS,-25.0,1819,450.6,
1785,13896,Tyler Schmitt,450.6,475.6,-25.0,1,2026 Southern Iowa Showdown presented by ZEISS,-25.0,1820,450.6,
1786,38527,Jarvis Everett,450.6,475.6,-25.0,1,2026 Southern Iowa Showdown presented by ZEISS,-25.0,1821,450.6,
1787,13935,Andy Dunt,450.6,475.6,-25.0,1,2026 Southern Iowa Showdown presented by ZEISS,-25.0,1823,450.6,
1788,13216,Nick Brown,450.6,475.6,-25.0,1,Gunline Shooting Magnolia Madness,-25.0,1824,450.6,
1789,13833,Eric Villarreal,450.6,475.6,-25.0,1,Gunline Shooting Magnolia Madness,-25.0,1825,450.6,
1790,36172,Thomas Schaub,450.6,475.6,-25.0,1,Gunline Shooting Magnolia Madness,-25.0,1826,450.6,
1791,8064,Milford M Lovett Jr.,450.6,475.6,-25.0,1,2026 MDT FROSTBITE,-25.0,1828,450.6,
1792,8269,Alan Maslonek,450.6,475.6,-25.0,1,2026 MDT FROSTBITE,-25.0,1829,450.6,
1793,2913,Chris Sites,450.6,475.6,-25.0,1,2026 MDT FROSTBITE,-25.0,1830,450.6,
1794,36315,Mo Hassabo,450.6,475.6,-25.0,1,2026 MDT FROSTBITE,-25.0,1831,450.6,
1795,10178,Keith Richey,450.6,475.6,-25.0,1,2026 MDT FROSTBITE,-25.0,1834,450.6,
1796,33785,Jack Teegardin,450.6,475.6,-25.0,1,2026 MDT FROSTBITE,-25.0,1835,450.6,
1797,119970,Ian Doran,450.6,475.6,-25.0,1,2026 MDT FROSTBITE,-25.0,1836,450.6,
1798,8409,Mark Hanmer,450.6,475.6,-25.0,1,2026 MDT FROSTBITE,-25.0,1837,450.6,
1799,1381,Steven Busenitz,450.6,475.6,-25.0,1,2026 B&T Ind. LLC Box Canyon Showdown....Suppressors Only!,-25.0,1839,450.6,
1800,1388,Wes Fox,450.6,475.6,-25.0,1,2026 B&T Ind. LLC Box Canyon Showdown....Suppressors Only!,-25.0,1840,450.6,
1801,9698,Christopher Callaway,450.6,475.6,-25.0,1,2026 B&T Ind. LLC Box Canyon Showdown....Suppressors Only!,-25.0,1841,450.6,
1802,119512,Bryson Johnson,450.6,475.6,-25.0,1,2026 B&T Ind. LLC Box Canyon Showdown....Suppressors Only!,-25.0,1843,450.6,
1803,9131,Thad Hendrix,450.6,475.6,-25.0,1,2026 B&T Ind. LLC Box Canyon Showdown....Suppressors Only!,-25.0,1844,450.6,
1804,5361,Dave Sherman,450.6,475.6,-25.0,1,2026 B&T Ind. LLC Box Canyon Showdown....Suppressors Only!,-25.0,1845,450.6,
1805,120586,Jim Carkner,450.6,475.6,-25.0,1,2026 Snake River Standoff by Lone Peak,-25.0,1847,450.6,
1806,9837,Ryan Miller,450.6,475.6,-25.0,1,2026 Snake River Standoff by Lone Peak,-25.0,1848,450.6,
1807,4647,Mike Migliore,450.6,475.6,-25.0,1,2026 Snake River Standoff by Lone Peak,-25.0,1849,450.6,
1808,121303,Mike Stevenson,450.6,475.6,-25.0,1,2026 Snake River Standoff by Lone Peak,-25.0,1850,450.6,
1809,6564,Drew Vedenhaupt,450.6,475.6,-25.0,1,2026 Clinton House Chaos Presented by Vortex,-25.0,1851,450.6,
1810,122326,Andrew Horne,450.6,475.6,-25.0,1,2026 Clinton House Chaos Presented by Vortex,-25.0,1852,450.6,
1811,2457,yoshi yonekawa,450.6,475.6,-25.0,1,2026 Koenig-Ruger PRC,-25.0,1853,450.6,
1812,125311,Steve Owens,450.6,475.6,-25.0,1,2026 Koenig-Ruger PRC,-25.0,1854,450.6,
1813,6410,Scott Stone,450.6,475.6,-25.0,1,2026 Koenig-Ruger PRC,-25.0,1855,450.6,
1814,34638,Jeremy Thiel,450.6,475.6,-25.0,1,2026 Leupold Best In Texas,-25.0,1857,450.6,
1815,126576,Tanner Cude,450.6,475.6,-25.0,1,2026 Leupold Best In Texas,-25.0,1858,450.6,
1816,119448,Brittany Bumstead,450.6,475.6,-25.0,1,2026 Leupold Best In Texas,-25.0,1859,450.6,
1817,126575,Rob Scruggs,450.6,475.6,-25.0,1,2026 Leupold Best In Texas,-25.0,1860,450.6,
1818,126569,Nate Ayers,450.6,475.6,-25.0,1,2026 Leupold Best In Texas,-25.0,1861,450.6,
1819,126571,Chris Keselburg,450.6,475.6,-25.0,1,2026 Leupold Best In Texas,-25.0,1862,450.6,
1820,19423,Dale Steele,450.6,475.6,-25.0,1,2026 Leupold Best In Texas,-25.0,1863,450.6,
1821,119199,Michael Ray,450.6,475.6,-25.0,1,2026 Leupold Best In Texas,-25.0,1864,450.6,
1822,19294,Matthew Steele,450.6,475.6,-25.0,1,2026 Leupold Best In Texas,-25.0,1865,450.6,
1823,119794,Jake Ludwig,450.6,475.6,-25.0,1,2026 Leupold Best In Texas,-25.0,1866,450.6,
1824,119515,Gene Gomez,450.6,475.6,-25.0,1,2026 Leupold Best In Texas,-25.0,1867,450.6,
1825,9922,Ryan Bach,450.6,475.6,-25.0,1,2026 Vortex Vengeance,-25.0,1869,450.6,
1826,6969,John C,450.6,475.6,-25.0,1,2026 Vortex Vengeance,-25.0,1871,450.6,
1827,8495,Joshua Francisco,450.6,475.6,-25.0,1,2026 Vortex Vengeance,-25.0,1872,450.6,
1828,9921,Derek Connor,450.6,475.6,-25.0,1,2026 Vortex Vengeance,-25.0,1873,450.6,
1829,119967,ed Weightman,450.6,475.6,-25.0,1,2026 Vortex Vengeance,-25.0,1874,450.6,
1830,121828,chad gross,450.6,475.6,-25.0,1,2026 Vortex Vengeance,-25.0,1875,450.6,
1831,38589,Cole Whyrick,450.6,475.6,-25.0,1,2026 OKIE SHOWDOWN PRESENTED BY FOUNDATION STOCKS,-25.0,1877,450.6,
1832,10358,Jacob Snow,450.3,500,-49.7,2,2026 West Coast Redemption,-24.7,1536,475,Apex Rocky Mountain Challenge 2026
1833,35316,Clayton Miller,450,500,-50,2,Twisted Barrel Precision Scorcher IV by Leupold,-25,1448,475,Gravestone Cowtown Classic
1834,13637,Branden Hollingshead,450,475,-25,1,Gravestone Cowtown Classic,-25,1878,450,
1835,4756,JW Truitt,450,475,-25,1,2026 Leupold Steel Classic PRS Match,-25,1879,450,
1836,125313,Cody Lavelett,450,475,-25,1,2026 Koenig-Ruger PRC,-25,1880,450,
1837,129139,Braede Jacobson,450,475,-25,1,K&M Kahles Precision Rifle Competition PRS Pro Series Qualifier,-25,1881,450,
1838,34021,Amanda Clouser,450,500,-50,2,2026 SAC SIZZLER,-25,1466,475,K&M Kahles Precision Rifle Competition PRS Pro Series Qualifier
1839,13747,Brett Johnson,450,475,-25,1,K&M Kahles Precision Rifle Competition PRS Pro Series Qualifier,-25,1882,450,
1840,2681,guillaume audren,450,500,-50,2,Apex Rocky Mountain Challenge 2026,-25,1481,475,SAPRL 2026 - Cactus Cup Presented By Lapua - PRS Pro Series (2 Day)
1841,34134,Robert Chrest,450,475,-25,1,Pigg River Precision H.A.M Presented by Leupold Optics,-25,1883,450,
1842,33971,Jeffrey Wright,450,475,-25,1,Pigg River Precision H.A.M Presented by Leupold Optics,-25,1884,450,
1843,121278,Caleb Owen,450,475,-25,1,Pigg River Precision H.A.M Presented by Leupold Optics,-25,1885,450,
1844,10766,Dean Caldwell,450,500,-50,2,2026 Manners Mayhem,-25,1498,475,2026 Hodgdon Punisher Positional
1845,11463,Isaac Tukutau,450,500,-50,2,2026 West Coast Redemption,-25,1504,475,2026 MDT Midsummer Madness PRS 2-day Pro Series Qualifier
1846,130632,Slavomir Zacharik,450,500,-50,2,Apex Rocky Mountain Challenge 2026,-25,1513,475,2026 MDT Midsummer Madness PRS 2-day Pro Series Qualifier
1847,2500,Nate Oldham,450,475,-25,1,2026 Hornady PRC,-25,1886,450,
1848,10651,Houston Neely,450,475,-25,1,Twisted Barrel Precision Scorcher IV by Leupold,-25,1887,450,
1849,10650,Austin Nistler,450,475,-25,1,Twisted Barrel Precision Scorcher IV by Leupold,-25,1888,450,
1850,6566,Sherif Yosry,450,500,-50,2,Sheepdog Showdown,-25,1533,475,Apex Rocky Mountain Challenge 2026
1851,12336,Sam Marchand,450,500,-50,2,Sheepdog Showdown,-25,1535,475,Apex Rocky Mountain Challenge 2026
1852,3885,Shawn Heyden,450,475,-25,1,THS Steel Challenge presented by TS Customs,-25,1889,450,
1853,9862,Philip zielinski,450,475,-25,1,2026 Peterson Cartridge Challenge,-25,1890,450,
1854,7546,Lindsey LaRoche,450,475,-25,1,2026 West Coast Redemption,-25,1891,450,
1855,130185,Justin Small,449.8,474.8,-25.0,1,2026 Hornady PRC,-25.0,1893,449.8,
1856,976,Zack Davis,449.7,453.9,-4.2,1,Parma Precision Rifle Rumble VIII presented by Burris Optics,-4.2,1894,449.7,
1857,37765,Patrick Nichols,449.5,500,-50.5,3,2026 Impact Foundation PRC,-9.5,1745,455.2,2026 Hodgdon Punisher Positional
1858,793,Greg Sexton,449.2,425,24.2,2,SILENT NIGHT presented by SILENCERCO,9.8,1896,449.2,
1859,24719,Scott Crosby,448.2,475.6,-27.4,2,2026 Hornady PRC,-25.0,1662,473.2,2026 Hornady PRC
1860,3308,Randy Ames,446.9,426.2,20.7,1,THS Steel Challenge presented by TS Customs,20.7,1900,446.9,
1861,131079,Michael leger,446.8,459.6,-12.8,1,2026 Peterson Cartridge Challenge,-12.8,1901,446.8,
1862,8082,Joe Buyers,446.6,475.6,-29.0,2,SILENT NIGHT presented by SILENCERCO,-14.4,1739,456.7,2026 Vortex Vengeance
1863,554,Matt Curry,446.2,408.0,38.2,2,2026 Impact Foundation PRC,0.3,1903,446.2,
1864,555,Abby Malone,446.1,486.4,-40.3,3,SILENT NIGHT presented by SILENCERCO,-25.0,1677,471.1,SILENT NIGHT presented by SILENCERCO
1865,4954,Nick Combs,445.8,470.8,-25.0,1,Gunline Shooting Magnolia Madness,-25.0,1904,445.8,
1866,2409,Jessica Mangus,445.7,470.7,-25.0,1,2026 Koenig-Ruger PRC,-25.0,1905,445.7,
1867,8286,Mike Underwood,444.8,475.6,-30.8,3,Pancake Lake Open Presented by Dominion Outdoors,11.2,1740,456.7,2026 Southern Iowa Showdown presented by ZEISS
1868,1150,Greg Glass,444.7,454.4,-9.7,2,2026 Manners Mayhem,15.3,1714,462.4,2026 Southern Iowa Showdown presented by ZEISS
1869,1024,Anderson Kim,444.7,469.6,-24.9,1,2026 MDT Barrel Burner at The Lead Farm,-24.9,1908,444.7,
1870,1230,Randall Nord,444.6,479.6,-35.1,3,2026 Federal Gold Medal Match- Pro Series Qualifier,-1.9,1723,459.8,Gunline Shooting Magnolia Madness
1871,10368,Weldon Thaggard,444.5,475.6,-31.1,2,2026 B&T Ind. LLC Box Canyon Showdown....Suppressors Only!,-6.1,1730,458.3,2026 Leupold Steel Classic PRS Match
1872,1031,Jackie Svoboda,444.2,481.2,-37.0,2,THS Steel Challenge presented by TS Customs,-12.0,1729,458.6,2026 Thunder Beast Arms Co King of Coal Canyon
1873,5026,Clint Inge,444.2,503.5,-59.3,4,2026 Federal Gold Medal Match- Pro Series Qualifier,-14.6,1907,445.6,Gravestone Cowtown Classic
1874,6977,Stephen Lowmaster,443.9,475.6,-31.6,2,2026 Peterson Cartridge Challenge,-6.6,1738,457.1,2026 Vortex Vengeance
1875,8027,Joseph Arabie,443.0,475.6,-32.6,2,K&M Kahles Precision Rifle Competition PRS Pro Series Qualifier,-7.6,1777,450.6,A-Team PRC
1876,37073,Daryl Lovelace,442.5,475.6,-33.1,2,2026 SAC SIZZLER,-12.3,1752,453.5,2026 Clinton House Chaos Presented by Vortex
1877,2934,Chuck langlois,442.4,467.4,-25.0,1,2026 SAC SIZZLER,-25.0,1914,442.4,
1878,13759,Jarod Camp,442.1,475.6,-33.4,2,SILENT NIGHT presented by SILENCERCO,-25.0,1696,467.1,SILENT NIGHT presented by SILENCERCO
1879,4355,Jessica Tischler,441.9,466.9,-25.0,1,2026 Peterson Cartridge Challenge,-25.0,1915,441.9,
1880,689,Justin Kerr,441.5,430.1,11.4,1,2026 Hornady PRC,11.4,1916,441.5,
1881,38316,Dave Miller,441.2,475.6,-34.3,2,SILENT NIGHT presented by SILENCERCO,-9.3,1727,458.8,2026 OKIE SHOWDOWN PRESENTED BY FOUNDATION STOCKS
1882,3842,Jeffrey Dongieux,441.1,475.6,-34.4,2,Gunline Shooting Magnolia Madness,-9.4,1754,452.9,2026 Leupold Steel Classic PRS Match
1883,12799,Al Miller,440.8,475.6,-34.7,5,SILENT NIGHT presented by SILENCERCO,15.3,1897,448.6,Gravestone Cowtown Classic
1884,3568,Doug Foster,440.3,470.4,-30.0,2,Bullet Central Northern Lights Classic presented by: Bix’n Andy,-20.1,1719,460.5,Bullet Central Northern Lights Classic presented by: Bix’n Andy
1885,123936,Doug Gholson,440.2,475.6,-35.4,2,2026 Impact Foundation PRC,-10.4,1876,450.6,2026 OKIE SHOWDOWN PRESENTED BY FOUNDATION STOCKS
1886,2204,Gengyang Jiang,439.6,475.6,-35.9,2,2026 OKIE SHOWDOWN PRESENTED BY FOUNDATION STOCKS,-25.0,1705,464.6,2026 OKIE SHOWDOWN PRESENTED BY FOUNDATION STOCKS
1887,8165,Dilan Nataraj,439.3,453.1,-13.8,2,2026 Peterson Cartridge Challenge,3.7,1895,449.5,2026 SAC SIZZLER
1888,123554,Joe Buchow,439.1,464.1,-25.0,1,2026 Thunder Beast Arms Co King of Coal Canyon,-25.0,1918,439.1,
1889,4488,Kelby McDonald,439.0,425,14.0,1,2026 Snake River Standoff by Lone Peak,14.0,1919,439.0,
1890,2912,charles myers,437.9,488.5,-50.6,3,THS Steel Challenge presented by TS Customs,-11.2,1902,446.6,2026 Southern Iowa Showdown presented by ZEISS
1891,7734,Phillip White,437.8,475.6,-37.8,2,Foundation Stocks at Twisted Barrel Precision September 19th and 20th 2 day,-19.5,1736,457.3,Foundation Stocks at Twisted Barrel Precision September 19th and 20th 2 day
1892,4092,Shandi Camino,437.8,475.6,-37.8,2,2026 Alpha-Munitions Nut Crusher,-12.8,1731,458.2,Desert Chaos
1893,120836,Adam Rayne,437.5,475.6,-38.0,2,2026 Hodgdon Punisher Positional,-16.6,1838,450.6,2026 B&T Ind. LLC Box Canyon Showdown....Suppressors Only!
1894,377,Robert Semans,437.3,462.3,-25.0,1,Gravestone Cowtown Classic,-25.0,1921,437.3,
1895,8893,Kyle House,437.3,478.0,-40.7,2,2026 Manners Mayhem,-15.7,1750,453.8,2026 Southern Iowa Showdown presented by ZEISS
1896,13473,Aaron Seelig,436.8,405.5,31.3,1,Pigg River Precision H.A.M Presented by Leupold Optics,31.3,1923,436.8,
1897,2104,Ken Parker,436.3,475.6,-39.2,4,Parma Precision Rifle Rumble VIII presented by Burris Optics,-8.3,1909,444.6,2026 MDT Barrel Burner at The Lead Farm
1898,34091,Brad Good,435.8,407.6,28.2,1,MPA SPRING SHOOTOUT,28.2,1925,435.8,
1899,25484,Zander Bolyanatz,435.7,445.6,-9.9,1,2026 Thunder Beast Arms Co King of Coal Canyon,-9.9,1926,435.7,
1900,1025,Marchand Hovrud,435.0,433.9,1.1,1,2026 West Coast Redemption,1.1,1928,435.0,
1901,361,Andy Neff,435.0,451.3,-16.3,1,Berger Precision Challenge,-16.3,1929,435.0,
1902,9689,Josh Beauford,434.8,450,-15.2,1,SILENT NIGHT presented by SILENCERCO,-15.2,1930,434.8,
1903,120458,Noah Cigala,434.2,475.6,-41.4,2,2026 Impact Foundation PRC,-16.4,1856,450.6,2026 Leupold Best In Texas
1904,11873,Mark Urban,434.1,475.6,-41.4,5,2026 SAC SIZZLER,-9.4,1924,436.0,2026 Clay's Cartridge Co. Classic
1905,2585,Mr. Adam Daspit,433.9,475.6,-41.6,2,Short Action Customs Steel Challenge,-25.0,1726,458.9,Short Action Customs Steel Challenge
1906,8384,Doug Jackson,433.8,441.7,-7.9,4,2026 Peterson Cartridge Challenge,-6.0,1917,440.4,K&M Kahles Precision Rifle Competition PRS Pro Series Qualifier
1907,9021,Mike Triesch,433.1,475.6,-42.5,2,Foundation Stocks at Twisted Barrel Precision September 19th and 20th 2 day,-17.5,1790,450.6,Berger Precision Challenge
1908,11525,Skyler Benoit,432.8,475.6,-42.8,2,Short Action Customs Steel Challenge,-17.8,1808,450.6,2026 MDT Barrel Burner at The Lead Farm
1909,1490,Chris Huff,432.7,475.6,-42.8,3,2026 OKIE SHOWDOWN PRESENTED BY FOUNDATION STOCKS,7.2,1892,449.8,Gravestone Cowtown Classic
1910,794,Ron Icayan,432.6,457.6,-25.0,1,2026 MDT Barrel Burner at The Lead Farm,-25.0,1931,432.6,
1911,4494,Will Wright,432.5,457.5,-25.0,1,2026 MDT Barrel Burner at The Lead Farm,-25.0,1932,432.5,
1912,1398,Mike Rolf,432.4,450,-17.6,2,2026 B&T Ind. LLC Box Canyon Showdown....Suppressors Only!,-14.5,1899,447.0,2026 B&T Ind. LLC Box Canyon Showdown....Suppressors Only!
1913,124851,Jason Hornady,431.2,450.8,-19.6,1,2026 Hornady PRC,-19.6,1936,431.2,
1914,11102,Fred Abernathy,429.4,475.6,-46.1,2,2026 Clinton House Chaos Presented by Vortex,-21.1,1798,450.6,MPA SPRING SHOOTOUT
1915,20462,David Nguyen,429.0,450,-21.0,1,Desert Chaos,-21.0,1942,429.0,
1916,2196,Joy Hatch,428.6,475.6,-47.0,4,2026 Hornady PRC,-7.6,1922,437.2,Desert Chaos
1917,8187,James jackson,428.5,448.2,-19.7,1,2026 Vortex Vengeance,-19.7,1943,428.5,
1918,8087,Troy Trudeau,427.9,475.6,-47.6,2,2026 Peterson Cartridge Challenge,-22.6,1868,450.6,2026 Vortex Vengeance
1919,9692,Myron Stowe,427.4,423.5,3.9,2,2026 Thunder Beast Arms Co King of Coal Canyon,9.2,1937,430.8,2026 Koenig-Ruger PRC
1920,121277,David Akard,427.4,452.4,-25.0,1,Pigg River Precision H.A.M Presented by Leupold Optics,-25.0,1945,427.4,
1921,2173,Sam Schrock,426.9,475.6,-48.7,4,2026 Manners Mayhem,-8.3,1910,444.2,2026 Southern Iowa Showdown presented by ZEISS
1922,6906,Carter Fischer,426.8,475.6,-48.8,2,THS Steel Challenge presented by TS Customs,-23.8,1822,450.6,2026 Southern Iowa Showdown presented by ZEISS
1923,572,Joey Green,426.8,498.0,-71.2,7,2026 Impact Foundation PRC,29.2,1938,430.4,Gunline Shooting Magnolia Madness
1924,5694,Christopher Williams,426.7,450,-23.3,2,Apex Rocky Mountain Challenge 2026,1.7,1920,438.3,2026 Leupold Best In Texas
1925,6618,Matthew McCullough,426.0,470.7,-44.6,2,2026 MDT Midsummer Madness PRS 2-day Pro Series Qualifier,-20.2,1906,445.7,Short Action Customs Steel Challenge
1926,37477,Clay Bumstead,425.6,475.6,-50.0,2,2026 Leupold Best In Texas,-25.0,1772,450.6,2026 Leupold Steel Classic PRS Match
1927,13596,Hunter Price,425.6,475.6,-50.0,2,2026 B&T Ind. LLC Box Canyon Showdown....Suppressors Only!,-25.0,1817,450.6,2026 Southern Iowa Showdown presented by ZEISS
1928,8214,Chelsi McLearen,425.6,475.6,-50.0,2,Foundation Stocks at Twisted Barrel Precision September 19th and 20th 2 day,-25.0,1827,450.6,Gunline Shooting Magnolia Madness
1929,10167,Amy Sites,425.6,475.6,-50.0,2,2026 SAC SIZZLER,-25.0,1832,450.6,2026 MDT FROSTBITE
1930,10325,Omar Nassar,425.6,475.6,-50.0,2,2026 Vortex Vengeance,-25.0,1833,450.6,2026 MDT FROSTBITE
1931,1575,Rick lemonnier,425.6,475.6,-50.0,2,2026 Impact Foundation PRC,-25.0,1842,450.6,2026 B&T Ind. LLC Box Canyon Showdown....Suppressors Only!
1932,9319,Chyenne Tripp,425.6,475.6,-50.0,2,2026 Thunder Beast Arms Co King of Coal Canyon,-25.0,1846,450.6,2026 B&T Ind. LLC Box Canyon Showdown....Suppressors Only!
1933,8045,Douglas Shuster,425.6,475.6,-50.0,2,2026 Peterson Cartridge Challenge,-25.0,1870,450.6,2026 Vortex Vengeance
1934,3331,Nicholas Wade,425.4,467.6,-42.2,2,Twisted Barrel Precision Scorcher IV by Leupold,-19.0,1913,442.6,K&M Kahles Precision Rifle Competition PRS Pro Series Qualifier
1935,38605,Omar Huerta,425,450,-25,1,2026 Leupold Steel Classic PRS Match,-25,1950,425,
1936,38628,Renee Martinez,425,450,-25,1,2026 Leupold Best In Texas,-25,1952,425,
1937,8401,Joseph Smith,424.7,475.6,-50.9,3,2026 SAC SIZZLER,-16.4,1939,430.2,MPA SPRING SHOOTOUT
1938,13933,James Russo,424.5,475.6,-51.0,5,WI Barrel Maker 2.0,-15.3,1949,425.5,2026 Southern Iowa Showdown presented by ZEISS
1939,545,matt drake,423.7,438.6,-14.9,1,2026 OKIE SHOWDOWN PRESENTED BY FOUNDATION STOCKS,-14.9,1953,423.7,
1940,8312,Jason Hooper,423.7,475.6,-51.9,4,Foundation Stocks at Twisted Barrel Precision September 19th and 20th 2 day,-25.0,1927,435.4,Gunline Shooting Magnolia Madness
1941,2973,AJ Landenwitch,423.1,498.1,-75.0,3,2026 Impact Foundation PRC,-25.0,1898,448.1,2026 Vortex Vengeance
1942,10756,Frederick Rowe,422.7,440.5,-17.8,1,W.A.R. Rifles Shootout,-17.8,1954,422.7,
1943,4953,Stacy Wheatley,421.2,452.0,-30.8,3,Twisted Barrel Precision Scorcher IV by Leupold,-7.6,1933,432.2,K&M Kahles Precision Rifle Competition PRS Pro Series Qualifier
1944,994,Bryan Snow,420.8,475.6,-54.7,4,2026 West Coast Redemption,-23.3,1911,444.1,Apex Rocky Mountain Challenge 2026
1945,2943,Jeff Gosney,420.8,403.3,17.5,1,2026 Leupold Steel Classic PRS Match,17.5,1956,420.8,
1946,2569,Charlie Bui,420.4,410.5,9.8,1,Short Action Customs Steel Challenge,9.8,1957,420.4,
1947,11062,Daniel C Williams,420.1,475.6,-55.4,9,Foundation Stocks at Twisted Barrel Precision September 19th and 20th 2 day,-25.0,1955,421.6,Gravestone Cowtown Classic
1948,1941,Samuel Santiago,420.1,469.1,-49.0,2,Foundation Stocks at Twisted Barrel Precision September 19th and 20th 2 day,-24.0,1912,444.1,A-Team PRC
1949,2983,Greg Nieman,419.1,401.5,17.6,2,2026 SAC SIZZLER,31.2,1941,429.1,2026 MDT FROSTBITE
1950,523,Mike Mcdonald,418.6,441.8,-23.3,1,2026 Snake River Standoff by Lone Peak,-23.3,1959,418.6,
1951,1035,Jeff Schulz,418.2,442.3,-24.2,3,2026 Hornady PRC,-21.4,1934,432.1,2026 MDT Barrel Burner at The Lead Farm
1952,1387,Ryan Killian,417.4,369.4,48.1,2,2026 Impact Foundation PRC,-1.9,1958,419.4,2026 Impact Foundation PRC
1953,13078,Mike Trowbridge,416.7,475.6,-58.9,3,2026 Impact Foundation PRC,-8.9,1944,428.4,2026 Koenig-Ruger PRC
1954,8896,Jason Cummings,413.1,480.0,-67.0,3,2026 Hodgdon Punisher Positional,-17.0,1940,430.0,2026 Leupold Steel Classic PRS Match
1955,1553,BRANDEN TURNER,412.9,437.9,-25.0,1,Gravestone Cowtown Classic,-25.0,1961,412.9,
1956,5997,Erik Peale,412.7,433.4,-20.7,1,2026 West Coast Redemption,-20.7,1962,412.7,
1957,31619,Dustin Speer,412.3,409.1,3.2,1,2026 Koenig-Ruger PRC,3.2,1963,412.3,
1958,122514,Les Voth,408.6,475.6,-66.9,3,THS Steel Challenge presented by TS Customs,-17.1,1948,425.6,2026 Vortex Vengeance
1959,7320,Brandon Rodriguez,408.1,432.3,-24.2,1,2026 Thunder Beast Arms Co King of Coal Canyon,-24.2,1965,408.1,
1960,6102,Jeff Naron,406.3,456.3,-50.0,2,2026 Leupold Best In Texas,-25.0,1935,431.3,2026 Leupold Steel Classic PRS Match
1961,1323,Nycole Pollard,406.0,425,-19.0,3,2026 Thunder Beast Arms Co King of Coal Canyon,16.0,1960,417.1,2026 Snake River Standoff by Lone Peak
1962,529,Greg Zinn,406.0,432.7,-26.8,5,WI Barrel Maker 2.0,-3.1,1964,411.9,Gunline Shooting Magnolia Madness
1963,129144,Ryan Farmer,404.3,429.3,-25.0,1,K&M Kahles Precision Rifle Competition PRS Pro Series Qualifier,-25.0,1967,404.3,
1964,8222,pon arunakul,403.9,475.6,-71.7,3,2026 West Coast Redemption,-21.7,1946,425.6,2026 MDT Barrel Burner at The Lead Farm
1965,125312,Tony Matarozzo,403.2,425,-21.8,1,2026 Koenig-Ruger PRC,-21.8,1968,403.2,
1966,121255,John Matta,401.1,475.6,-74.4,3,2026 Peterson Cartridge Challenge,-24.4,1947,425.6,2026 Clinton House Chaos Presented by Vortex
1967,6310,Scott spagnolo-hye,401.0,397.8,3.3,4,W.A.R. Rifles Shootout,-7.5,1966,406.7,Pigg River Precision H.A.M Presented by Leupold Optics
1968,6766,Paige Koster,400.4,409.0,-8.6,1,2026 MDT Midsummer Madness PRS 2-day Pro Series Qualifier,-8.6,1969,400.4,
1969,10602,Brax Schmeling,400,500,-100,4,Foundation Stocks at Twisted Barrel Precision September 19th and 20th 2 day,-25,1951,425,Berger Precision Challenge
1970,38611,Annie Levermann,397.0,371.1,25.9,1,2026 Leupold Steel Classic PRS Match,25.9,1971,397.0,
1971,8832,Mark Phillips,393.0,418.0,-25.0,1,2026 Vortex Vengeance,-25.0,1972,393.0,
1972,8390,Tim Obryan,389.3,400.6,-11.3,1,2026 MDT FROSTBITE,-11.3,1974,389.3,
1973,568,Bianca Green,384.2,425,-40.8,4,2026 Impact Foundation PRC,-3.2,1973,391.7,2026 Thunder Beast Arms Co King of Coal Canyon
1974,5013,Shane Douglas,384.2,402.6,-18.3,2,2026 B&T Ind. LLC Box Canyon Showdown....Suppressors Only!,-13.3,1970,397.5,2026 B&T Ind. LLC Box Canyon Showdown....Suppressors Only!
1975,25902,Craig Peterson,375.2,375.5,-0.2,1,2026 Koenig-Ruger PRC,-0.2,1976,375.2,
1976,1027,Meghan Galloway,374.6,387.1,-12.6,3,Parma Precision Rifle Rumble VIII presented by Burris Optics,4.4,1975,386.0,2026 MDT Barrel Burner at The Lead Farm
1977,4455,Tom Davis,353.9,361.6,-7.6,1,Short Action Customs Steel Challenge,-7.6,1977,353.9,
